"id","japanese"
"1","利用者権限情報"
"2","年"
"3","月"
"4","日"
"5","時"
"6","分"
"7","アドミニストレータ"
"8","プロセス管理者"
"9","査閲ユーザ"
"10","管理者"
"11","一般ユーザ"
"12","限定ユーザ"
"13","不明"
"14","全社標準"
"15","組織標準"
"16","プロジェクト規定"
"17","個人"
"18","あいうえおアイウエオｱｲｳｴｵ"
"19","かきくけこカキクケコｶｷｸｹｺ"
"20","さしすせそサシスセソｻｼｽｾｿ"
"21","たちつてとタチツテトﾀﾁﾂﾃﾄ"
"22","なにぬねのナニヌネノﾅﾆﾇﾈﾉ"
"23","はひふへほハヒフヘホﾊﾋﾌﾍﾎ"
"24","まみむめもマミムメモﾏﾐﾑﾒﾓ"
"25","やゆよヤユヨﾔﾕﾖ"
"26","らりるれろラリルレロﾗﾘﾙﾚﾛ"
"27","わをワヲﾜｦ"
"28","使用する"
"29","一括パスワード設定"
"30","全%1件のパスワードを設定しました。"
"31","パスワードが設定されていない要員情報が存在しません。"
"32","パスワードが設定されていない要員情報が%1件存在します。"
"33","設定するパスワードを選択し、実行ボタンを押してください。"
"34","社員番号"
"35","固定文字列"
"36","固定文字列+社員番号・全体で8文字までが有効)"
"37","実行"
"38","利用管理項目設定"
"39","設定管理項目："
"40","(指定してください)"
"41","プロジェクト計画書/完了報告書"
"42","作業タイプ"
"43","業種"
"44","ミドルウェア"
"45","規模"
"46","金額"
"47","プロジェクト追加情報"
"48","受注案件(案件)"
"49","受注案件(審査)"
"50","課題(課題)"
"51","課題(回答)"
"52","審査実施(審査名)"
"53","審査実施(審査記録)"
"54","レビュー記録票(記録)"
"55","レビュー記録票(項目)"
"56","障害処理票(発生)"
"57","障害処理票(回答)"
"58","サーバで利用する管理項目の設定を行います。"
"59","設定する管理項目を上記リストから選択してください。"
"60","プロジェクトで利用する管理項目の設定を行います。"
"61","コンテンツ確認"
"62","コンテンツ： %1"
"63","処理を選択してください"
"64","   参照   "
"65"," 内容確認 "
"66","   確認   "
"67"," 差し戻し "
"68","コンテンツ情報読み込みでエラーが発生しました。"
"69"," 閉じる "
"70","確認依頼一覧"
"71","確認待ち"
"72","確認中"
"73","再編集許可待ち"
"74","再編集許可検討中"
"75","完"
"76","計画書"
"77","完了報告書"
"78","審査実施"
"79","課題の回答"
"80","レビュー記録"
"81","障害処理"
"82","状態"
"83","対象物"
"84","依頼者"
"85","依頼日"
"86","%1 のコンテンツ「%2」"
"87"," の完了報告書"
"88"," の計画書"
"89"," の審査記録"
"90"," の課題への回答"
"91"," のレビュー記録"
"92"," の障害処理票"
"93","一括表示"
"94","文書種別ごとに表示"
"95","確認対象一覧"
"96","確認"
"97","差し戻し"
"98","コンテンツ"
"99","確認対象はありません。"
"100","ホーム画面"
"101"," 左のメニューより使用したい機能をクリックしてください。"
"102","%1サーバID %2 は顧客ID %3 によって使用されています。"
"103","エラー"
"104","以下のエラーが発生しました。"
"105","顧客一覧"
"106","%1 を削除してよろしいですか？"
"107","顧客新規登録"
"108","顧客情報が登録されていません。"
"109","顧客ID"
"110","ディスク(MB) / 契約"
"111","ログインID数 / 契約"
"112","メールアドレス"
"113","備考"
"114","編集"
"115","削除"
"116","顧客登録"
"117","顧客編集"
"118","サーバIDは12文字で指定してください。"
"119","このサーバIDはすでに登録されています。"
"120","削除するサーバIDを選択してください。"
"121","削除してよろしいですか？"
"122","顧客IDを入力してください。"
"123","顧客IDにSUPERは指定できません。"
"124","契約ディスク(MB)を正しく入力してください。"
"125","契約ログインID数を正しく入力してください。"
"126","メールアドレスを正しく入力してください。"
"127","サーバIDを入力してください。"
"128","登録してよろしいですか？"
"129","更新してよろしいですか？"
"130","契約ディスク(MB)"
"131","契約ログインID数"
"132","サーバID"
"133","追加"
"134","　登録　"
"135","　更新　"
"136","キャンセル"
"137","作業割当て"
"138","課題一覧"
"139","一覧表示設定"
"140","一覧："
"141","案件一覧"
"142","プロジェクト一覧"
"143","イベント一覧"
"144","プロジェクト計画書一覧"
"145","プロセス計測"
"146","レビュー記録票一覧"
"147","障害処理票一覧"
"148","一覧画面に表示する情報のサーバ標準を設定します。"
"149","設定する一覧を上記リストから選択してください。"
"150","一覧画面に表示する情報のプロジェクト標準を設定します。"
"151","未回答"
"152","未処理"
"153","回答済み"
"154","処理済"
"155","期限間近"
"156","作業遅れ"
"157","低"
"158","中"
"159","高"
"160","特"
"161","重要(特)"
"162","作業依頼(既存コンテンツ編集)"
"163","作業依頼"
"164","作業依頼(新規コンテンツ作成)"
"165","伝達事項"
"166","確認依頼"
"167","受け入れ"
"168","質問"
"169","回答"
"170","意見"
"171","課題"
"172","その他"
"173","依頼"
"174",",低"
"175",",中"
"176",",高"
"177","(フォルダ内にファイルが存在しません)"
"178","ファイル選択"
"179","コンテンツ情報が取得できませんでした"
"180","フォルダを参照できませんでした"
"181","審査実施のカスタマイズ"
"182","作業者"
"183","責任者"
"184","リーダ"
"185","作業者の所属組織全員"
"186","顧客"
"187","営業"
"188","公開"
"189","非公開"
"190","当方"
"191","継続"
"192","完了"
"193","当日"
"194","利用者"
"195","更新不可"
"196","絶対更新不可"
"197","修正不可"
"198","絶対修正不可"
"199","未来不可"
"200","同一日不可"
"201","参照"
"202","・"
"203","、"
"204","□"
"205","■"
"206","　"
"207","殿"
"208","登録"
"209","更新"
"210","修正"
"211","使用しない"
"212","(末尾番号は登録時に自動採番されます)"
"213","統括責任者"
"214","プロジェクトリーダ"
"215","構成管理担当"
"216","品質保証担当"
"217","予算管理担当"
"218","文書管理担当"
"219","進捗管理担当"
"220","生産技術担当"
"221","クレーム管理担当"
"222","支給品管理担当"
"223","購買管理担当"
"224","外注管理担当"
"225","出荷担当"
"226","◎：責任"
"227","受注案件"
"228","着手前審査"
"229","案件"
"230","審査"
"231","レビュー項目"
"232","プロジェクト計画書"
"233","プロジェクト完了報告書"
"234","イベント"
"235","実施記録"
"236","障害処理票（発生）"
"237","障害処理票（回答）"
"238","審査のカスタマイズ"
"239","対象外"
"240","審査名"
"241","予定日"
"242","実施日"
"243","審査結果"
"244"," 追加 "
"245","未"
"246","末"
"247"," 削除 "
"248","品質見解票"
"249","数値が範囲外です"
"250","数値の入力が誤っています"
"251","プロジェクト： %1"
"252","会社名"
"253","納入責任者"
"254","仕様書番号"
"255","承認日"
"256","名称"
"257","納入日"
"258","今回納入分の対象工程"
"259","その他%1"
"260","品質管理の対象ソフトウェア構成"
"261","合計(頁数)"
"262","合計(KL)"
"263","合計(FP数)"
"264","合計(画面・帳票数)"
"265","合計(人月)"
"266","ソフトウェア名称"
"267","言語/構築ツール"
"268","新規・"
"269","改造区分"
"270","頁数"
"271","ライン"
"272","数(KL)"
"273","プログラム"
"274","本数"
"275","FP数"
"276","画面数"
"277","帳票数"
"278","ファイル"
"279","数"
"280","人月"
"281","納入品の品質について総合見解"
"282","品質見解のベースデータ（数値で説明する）"
"283","1.レビューまたはテストの"
"284","網羅率"
"285","2.仕様不具合またはバグ"
"286","の収束状況"
"287","3.残存する不具合または"
"288","バグの可能性"
"289","全不具合摘出状況"
"290","全不具合摘出率"
"291","(実績/予定)"
"292","摘出件数"
"293","件数/KL"
"294","規模(KL)"
"295","予定"
"296","実績"
"297","上流工程バグ摘出状況"
"298","レビュー消化率"
"299","モジュール数"
"300","レビュー実施範囲についての"
"301","コメント"
"302","上流工程バグ摘出率"
"303","下流工程バグ摘出状況"
"304","テスト消化率"
"305","項目数"
"306","項目/KL"
"307","テスト実施範囲についての"
"308","下流工程バグ摘出率"
"309","不具合種別内訳"
"310","上流"
"311","下流"
"312","新規件数"
"313","デグレード(内数)"
"314","既存件数"
"315","その他件数"
"316","   登録   "
"317"," リセット "
"318","新規作成"
"319","印刷"
"320","次の情報が登録されました。"
"321","次の情報に更新されました。"
"322","次の情報に修正されました。"
"323","次の情報が削除されました。"
"324","内部エラー(パラメータ不正)。"
"325","指定されたファイルが存在しないか、空のファイルです。"
"326","ファイルを作成できません。"
"327","ファイルの書込みが失敗しました。"
"328","SMTPサーバが設定されていません。"
"329","メール送信を中止しました。"
"330","SMTPサーバが設定されていません"
"331","管理者メールアドレスが設定されていません。"
"332","管理者メールアドレスが設定されていません"
"333","発信者のメールアドレスが設定されていません。"
"334","発信者のメールアドレスが設定されていません"
"335","送信先のメールアドレスが０件です。"
"336","送信先のメールアドレスが０件です"
"337","メールのテンプレートが見つかりませんでした。"
"338","サーバの設定に問題があります。"
"339","メールのテンプレートが見つかりませんでした"
"340","～"
"341","メール送信準備でエラーが発生しました。"
"342","サーバの環境に問題があります。"
"343","詳細エラー番号 : "
"344","詳細エラー情報 : "
"345","メール送信準備でエラーが発生しました"
"346","メール送信でエラーが発生しました。"
"347","メールは送信されませんでした。"
"348","サーバ管理者に連絡してください。"
"349","詳細 : "
"350","メール送信でエラーが発生しました"
"351","　　　　　　　　　　"
"352","プロジェクトコード"
"353","プロジェクト名"
"354","添付ファイルの流用でエラーが発生しました。"
"355","流用予定のファイルが見つかりません"
"356","添付ファイル格納場所の作成でエラーが発生しました。"
"357","詳細コード : "
"358","ファイルの作成でエラーが発生しました。"
"359","ファイル名 : "
"360","未設定"
"361"," ～ "
"362","%1コンテンツ(%2)の登録に失敗しました。ret = %3"
"363","%1%2結果"
"364","　閉じる　"
"365","　作業割当て　"
"366","PrjID が指定されていないため PrjID は Project.PrjID を使用しています"
"367","　ＯＫ　"
"368","SecID が指定されていないため SecID は Member.SecID を使用しています"
"369","顧客コードが3桁でありません。Code=[%1]"
"370","案件コードの自動取得に失敗しました。ErrCode=[%1]"
"371","「%1」フィールドは省略できません。"
"372","「%1」フィールドの形式が誤っています。"
"373","「%1」フィールドに未来の日付は入力できません。"
"374","「%1」フィールドに履歴と同一の日付は入力できません。"
"375","添付ファイルは、%1 個までです。"
"376","次の添付ファイル"
"377","「%1」フィールドの時間は範囲外です"
"378","「%1」フィールドの日付がありません。"
"379","「%1」フィールドには終了日に開始日以降の日付を指定してください"
"380","%1は自動的に設定されます"
"381","「%1」フィールドは必ず選択してください。"
"382","未選択"
"383","参照..."
"384","クリア"
"385","詳細..."
"386","「%1」フィールドの要員は省略できません。"
"387","%1のその他"
"388","プロセスが適用されていないため、%1は選択できません。"
"389","アクティビティ"
"390","「%1」フィールドの設定は省略できません。"
"391","先に%1/%2を指定してください。"
"392","タスク"
"393","サーバ設定で顧客管理が「使用する」に設定されているため、顧客名を再設定して下さい。"
"394","流用しない添付ファイルのチェックをはずしてください"
"395","削除する添付ファイルのチェックをはずしてください"
"396","削除する"
"397","実施日時は管理していません"
"398","(採番しない)"
"399","(選択してください)"
"400","(一覧参照/更新...)"
"401","(「作業割当て」は「完了」が選択された場合のみ有効になります)"
"402","既存"
"403","新規"
"404","コンテンツ名"
"405","「コンテンツ名」フィールドは省略できません。"
"406","モジュール"
"407","コンテンツファイルは、%1 個までです。"
"408","「コンテンツフォルダ名」フィールドは省略できません。"
"409","　コンテンツフォルダ名"
"410","次のコンテンツファイル"
"411","モジュールパターン１"
"412","%1 プロジェクト登録結果"
"413","百万円"
"414","基本情報"
"415","親プロジェクト名"
"416","組織名"
"417","公開/非公開"
"418","プロジェクト開始日"
"419","プロジェクト終了予定日"
"420","顧客名"
"421","規模/費用情報"
"422","新規規模"
"423"," (KL,KS) または (FP)"
"424","母体規模"
"425","改造規模"
"426","流用規模"
"427","受注額"
"428","売上額"
"429","ソフト費用"
"430","○"
"431","△"
"432","×"
"433","××"
"434","×××"
"435","青"
"436","黄"
"437","赤"
"438","最重要"
"439","戦略"
"440","監視"
"441","通常"
"442","定性評価"
"443","総合："
"444","客先："
"445","品質："
"446","性能："
"447","要員："
"448","費用："
"449","納期："
"450","障害："
"451","PN42QM.exeの呼び出しでエラーが発生しました Code=%1"
"452"," 他"
"453","動作"
"454","変更\"
"455","削除\"
"456","追加\"
"457","%1処理完了"
"458","%1結果"
"459","%1処理中です。"
"460","%1処理完了ダイアログが出るまでお待ちください。"
"461","流用処理中です。しばらくお待ちください。"
"462","登録　"
"463","参照　"
"464","　%1参照　"
"465","　%1登録　"
"466","文書番号"
"467","，"
"468","登録済み%1"
"469","登録された%1はありません"
"470","　確認　"
"471","　差し戻し　"
"472","確認依頼取消し"
"473","　確認依頼　"
"474","確認者：%1"
"475","確認情報"
"476","最終確認者"
"477","確認完了日"
"478","※%1 からの確認依頼を処理中です"
"479","※%1  が確認依頼中です"
"480","※一時保存状態です"
"481","すでに%1が登録されています。%2できません。"
"482","%1が適用されていますが、修正してもよろしいですか？"
"483","ワークフロー"
"484","(いいえを選択すると、「修正」ではなく「更新」になります"
"485","プロジェクト計画書 (第%1版)"
"486","完了報告書 (第%1版)"
"487","（ 第 %1 版 ）"
"488","　キャンセル　"
"489","：済"
"490","：未"
"491","なし"
"492","変更"
"493","送信先のメールアドレスが設定されませんでした。"
"494","%組織コード%"
"495","%責任者名%"
"496","%責任者アドレス%"
"497","%リーダ名%"
"498","%プロジェクトコード%"
"499","%プロジェクト名%"
"500","%顧客コード%"
"501","%顧客名%"
"502","%申請区分%"
"503","%登録者名%"
"504","%登録者アドレス%"
"505","送信元アドレスが取得できません。"
"506","送信先アドレスが設定されていません。"
"507","[ProcessDirector] %1・サービスイン日新規登録"
"508","[ProcessDirector]　サービスイン日が新規登録されました。"
"509","[ProcessDirector] %1・サービスイン日削除"
"510","[ProcessDirector]　サービスイン日が削除されました。"
"511","組織　　　　　　　　："
"512","プロジェクトコード　："
"513","プロジェクト名　　　："
"514","サービスイン日　　　："
"515","詳細 : %1"
"516","メール送信結果"
"517","登録日時"
"518","最終更新日時"
"519","登録済み%1はありません"
"520","%1参照"
"521","組織"
"522","　（ 第 %1 版 ）"
"523","%1全参照"
"524","※この%1は削除されています。"
"525","%1登録"
"526","%1登"
"527","太字は入力必須項目"
"528","前回の流用"
"529","　リセット　"
"530","プロジェクトが選択されていません。"
"531","プロジェクトを選択してください。"
"532","SecID が指定されていないため、SecID は Member.SecID を使用しました"
"533",",,,T_Prj_Info,PrjDevScales,0,新規規模"
"534",",,,T_Prj_Info,PrjBaseScales,0,母体規模"
"535",",,,T_Prj_Info,PrjReconScales,0,改造規模"
"536",",,,T_Prj_Info,PrjDivertScales,0,流用規模"
"537",",,,T_Prj_Info,PrjBCSales,0,受注額"
"538",",,,T_Prj_Info,PrjBCOrders,0,売上額"
"539",",,,T_Prj_Info,PrjBCSWExpenses,0,ソフト費用"
"540","%1 プロジェクト登録"
"541","プロジェクトコードに使用できない文字が含まれています。"
"542","英数字のみを使用してください。"
"543","責任者とリーダには同じ要員を指定できません。"
"544","違う要員を指定するか、リーダを指定しないでください。"
"545","作業状況確認"
"546","1,総合,%1,300,4,3"
"547","1,客先,%1,300,4,3"
"548","1,品質,%1,300,4,3"
"549","1,性能,%1,300,4,3"
"550","1,要員,%1,300,4,3"
"551","1,費用,%1,300,4,3"
"552","1,納期,%1,300,4,3"
"553","1,障害,%1,300,4,3"
"554","繰返し項目入力"
"555","プロセス適用前の入力データが\nフェーズ名一覧に存在しないので、未選択とします。"
"556","1つ前のデータの流用"
"557","　次へ　"
"558","　（ 第 %1版 ）"
"559","「%1」から計画書を流用します。よろしいですか？"
"560","　一時保存　"
"561","新規%1"
"562","本当に閉じてよろしいですか？"
"563","既に登録されてある登録番号が入力されました。再度登録してください。"
"564","登録番号が重複しています。変更してください。"
"565","%1修正"
"566","%1更新"
"567","　修正　"
"568","(いいえを選択すると、「修正」ではなく「更新」になります)"
"569","プロジェクト種別が変更されています。"
"570","登録済のデータは削除され、基本情報からの再登録になりますが、"
"571","よろしいですか?"
"572","）"
"573","？"
"574","(指定なし)"
"575","このメールはProcessDirectorから自動送信されました。"
"576","返信入力などはProcessDirectorでお願いします。"
"577","このメールへの返信ではProcessDirectorに反映されません。"
"578","ProcessDirectorへのURL："
"579","アクション："
"580","重要度："
"581","回答返信期限："
"582","プロジェクト名："
"583","タイトル："
"584","文書番号："
"585","コンテンツ等担当者："
"586","========================== 作成者情報 ============================"
"587","作成日："
"588","作成者："
"589","発行者所属組織："
"590","連絡先(Tel)："
"591","連絡先(Tel)：(設定なし)"
"592","[ProcessDirector掲示板]新着メッセージのお知らせ"
"593","スレッド回答返信期限："
"594","質問回答返信期限："
"595","絶対修正却下"
"596","登録者"
"597","┗"
"598","▲"
"599","▼"
"600","："
"601","関連するコンテンツも同時に削除しますか？"
"602","'日付を正しく入力してください。'"
"603","'数値を正しく入力してください。'"
"604","'8桁以下の数値を入力してください。'"
"605","(無題)"
"606","掲示板"
"607"," ∟"
"608","本当にキャンセルしますか？"
"609","InSite呼び出し"
"610","InSiteのURLが設定されていません。"
"611","「サーバ設定」より設定して下さい。"
"612","%1定義"
"613","プロジェクトが選択されていないため、%1定義が行えません。"
"614","プロジェクトを選択して下さい。"
"615","障害処理票"
"616","課題参照"
"617","SEFE_コメント操作"
"618","SEFE_共有コンテンツ登録"
"619","コンテンツ共有フォルダが設定されていません"
"620","「サーバ設定」より設定して下さい"
"621","Eメール連絡"
"622","メール送信(メッセージ表示)"
"623","ボタンを押さない場合には3秒後に自動的に閉じます。"
"624","閉じる"
"625","エラー： SMTPサーバが設定されていません"
"626","エラー： 発信者（%1）のメールアドレスが設定されていません"
"627","(設定されていません)"
"628","エラー： 送信先情報が取得できません"
"629","エラー： 送信先（%1）のメールアドレスが設定されていません"
"630"," 作業割当て"
"631","このメールは%1からの自動送信メールです。"
"632","＝＝＝＝＝＝ お知らせ ＝＝＝＝＝＝"
"633","作業割当てが行われました。"
"634","        プロジェクト名： "
"635","            コンテンツ： "
"636","  ProcessDirectorのURL： "
"637","＝＝＝＝＝＝＝＝＝＝＝＝＝＝＝＝＝"
"638","エラー："
"639","%1にメールを送信しました"
"640","新着コメントのお知らせ"
"641","新しいコメントが到着しました。"
"642","              タイトル： "
"643","エラー： 発信人情報が取得できません"
"644"," 再編集要求"
"645","%1からコンテンツの再編集要求が行われました。"
"646","メール送信(送信)"
"647","コンテンツチェック"
"648","1. 実ファイルが存在しないコンテンツを検出します。"
"649"," 開始 "
"650","2. コンテンツデータベースの矛盾を修正します。"
"651","3. サーバファイル/フォルダコンテンツのメンテナンスを行います。"
"652","実ファイルが存在しないコンテンツ一覧"
"653","削除対象コンテンツを抽出中…"
"654","コンテンツを削除中…"
"655","%1件削除しました。"
"656","[プロセス]&nbsp;&nbsp;"
"657","[プロジェクト]　"
"658","合計：%1"
"659"," 戻る "
"660","コンテンツデータベース修正"
"661","その１：%1データに不整合がある物を修正"
"662","%1 個修正しました"
"663","その２：参照フラグの修正"
"664","その３：その他の不整合を修正"
"665","名前を変更したいサーバを選択して下さい"
"666","新しい名前を入力して下さい"
"667","新しい名前と古い名前が同じです"
"668","名前を変更してよろしいですか"
"669","サーバファイル／フォルダメンテナンス"
"670","サーバ名の変更"
"671","%1 を %2 に変更"
"672","%1個変更しました"
"673","データベース内の「コンテンツの置かれたサーバ名」を変更することができます。"
"674","一覧よりサーバを選択し、新しい名前を入力して「変更」を押してください。"
"675","使用サーバとコンテンツ個数"
"676","　(%1個)"
"677","新しい名前"
"678"," 変更 "
"679","コンテンツ同期処理中…"
"680","未着手"
"681","作業中"
"682","再編集"
"683","エラー：プロジェクトが選択されていません"
"684","完了コンテンツ処理"
"685","エラー：プロジェクト情報が取得できません"
"686","完了コンテンツの作業割当て情報を消去します。"
"687","作業期間"
"688","終了日"
"689","完了していないコンテンツが存在します。"
"690","コンテンツ数 : %1"
"691","割当て情報消去対象コンテンツがありません。"
"692","割当て情報消去コンテンツ数 : %1"
"693","作業割当て情報の消去が完了しました。"
"694","割当て情報の消去対象コンテンツが%1件あります。消去してもよろしいですか？"
"695","空き期間管理"
"696","コンテンツ一覧"
"697","%1 「%2」 のコンテンツS"
"698","コンテンツ種別"
"699","最終更新日"
"700","プロセス分析"
"701","プロセスに登録されているコンテンツの利用状況を表示します。"
"702","%1別に保有資産（コンテンツ）件数を表示します。"
"703","%1別に、コンテンツを割当てられているメンバとコンテンツを保有するプロジェクトを表示します。"
"704","プロセス"
"705","分類"
"706","(すべて)"
"707","カテゴリ"
"708","フェーズ"
"709","0: 共通"
"710","　実行　"
"711","%1別に表示"
"712","総参照回数"
"713","標準プロセス"
"714","参照回数"
"715","プロジェクト"
"716","適用件数"
"717","コンテンツが存在しません。"
"718","小計"
"719","資産件数"
"720","適用メンバ数"
"721","適用プロジェクト件数"
"722","適用されている%1が存在しません。"
"723","適用メンバ一覧"
"724","%1 「%2」 の適用メンバ"
"725","名前"
"726","適用プロジェクト一覧"
"727","コンテンツ 「%1」 の適用プロジェクト"
"728","%1 「%2」」 の適用プロジェクト"
"729","(未設定)"
"730","ステータスログ"
"731","ステータスログ表示"
"732","年月日は全て省略か、全て入力して下さい"
"733","年には数字を入力して下さい"
"734","月には数字を入力して下さい"
"735","日には数字を入力して下さい"
"736","年が範囲外です"
"737","月が範囲外です"
"738","日が範囲外です"
"739","期間には数字を入力して下さい"
"740","期間が誤っています"
"741","プロジェクトのログ情報を表示します。出力する情報を選択して「実行」を押してください。"
"742","　全%1件中"
"743","%1件目から%2件目を表示"
"744","%1件目から最後までを表示"
"745","プロジェクト""%1""を登録"
"746","プロジェクト""%1""を更新"
"747","コンテンツ%1を登録"
"748","コンテンツを一括登録"
"749","コンテンツ%1を参照"
"750","コンテンツ%1を編集"
"751","コンテンツ%1を削除"
"752","コンテンツ%1を作業フォルダにコピー"
"753","コンテンツ%1を"
"754","%1%2から%3に割当て変更"
"755","%1%2に割当て"
"756","コンテンツ%1を確認依頼"
"757","コンテンツ%1をの確認依頼を取り消し"
"758","%1のコンテンツ%2を確認"
"759","コンテンツ%1を%2に差し戻し"
"760","コンテンツ%1を%2に引き渡し"
"761","コンテンツ%1の再編集許可を依頼"
"762","コンテンツ%1の再編集許可依頼を取消"
"763","%1のコンテンツ%2の再編集を許可"
"764","%1のコンテンツ%2の再編集を却下"
"765","%1%2を削除"
"766","%1%2を更新"
"767","%1%2を登録"
"768","プロセスフロー"
"769","%1%2を変更"
"770","課題%1を登録"
"771","課題%1を更新"
"772","課題%1を参照"
"773","課題%1を修正"
"774","課題%1を削除"
"775","課題%1の回答を登録"
"776","課題%1の回答を更新"
"777","課題%1の回答を参照"
"778","課題%1の回答を修正"
"779","登録番号%1の障害処理票(発生)を登録"
"780","登録番号%1の障害処理票(発生)を参照"
"781","登録番号%1の障害処理票(発生)を修正"
"782","登録番号%1の障害処理票を削除"
"783","登録番号%1の障害処理票(回答)を登録"
"784","登録番号%1の障害処理票(回答)を参照"
"785","登録番号%1の障害処理票(回答)を修正"
"786","審査%1の記録を登録"
"787","審査%1の記録を更新"
"788","審査%1の記録を参照"
"789","審査%1の記録を修正"
"790","アクション"
"791","全て選択"
"792","コンテンツ登録"
"793","コンテンツ参照"
"794","コンテンツ編集"
"795","コンテンツ削除"
"796","作業フォルダにコピー"
"797","確認依頼取り消し"
"798","差し戻し/引き渡し"
"799","再編集許可依頼"
"800","再編集許可依頼取消"
"801","再編集許可"
"802","再編集却下"
"803","%1編集"
"804","課題登録/更新"
"805","課題修正"
"806","課題削除"
"807","回答登録/更新"
"808","回答参照"
"809","回答修正"
"810","障害票(発生)登録"
"811","障害票(発生)参照"
"812","障害票(発生)修正"
"813","障害票削除"
"814","障害票(回答)登録"
"815","障害票(回答)参照"
"816","障害票(回答)修正"
"817","審査記録登録/更新"
"818","審査記録参照"
"819","審査記録修正"
"820","←見つかりません"
"821","年月日"
"822","日　より"
"823","日間"
"824","出力件数"
"825","リセット"
"826","検索結果がありません。"
"827","コンテンツ %1 のみ表示"
"828","日時"
"829","実行者名"
"830","詳細情報"
"831","コンテンツ参照回数一覧"
"832","コンテンツの参照回数を一覧表示します。条件を選択して「実行」を押してください。"
"833"," 実行 "
"834","メール送信先ログ表示"
"835","メール送信先のログ情報を表示します。条件を選択して「実行」を押してください。"
"836","登録番号%1の障害処理票"
"837","登録番号%1の障害処理票(発生)"
"838","登録番号%1の障害処理票(回答)"
"839","%1のみ表示"
"840","%1通知メールを"
"841","に送信"
"842","%1のメール送信で下記のエラーが発生"
"843","戻る"
"844","役割(プロセス)参照"
"845","役割(プロセス)定義"
"846","取消"
"847","画面を更新します"
"848","画面更新"
"849","%1の状態を変更する"
"850","反転"
"851","他の%1一覧へ"
"852","画面1"
"853","通常表示の%1 へ"
"854","画面2"
"855","削除済みを表示しないに変更する"
"856","非表示"
"857","削除済みを表示するに変更する"
"858","表示"
"859","説明は登録されていません"
"860","役割の選択"
"861","役割設定なし"
"862","クリックした箇所の説明を表示します"
"863","(説明を表示したい%1をクリックしてください)"
"864","%1一覧"
"865","通常表示"
"866","進捗表示"
"867","プロセスに戻る"
"868","%1 (%2) %3一覧"
"869","(*説明あり)"
"870"," %1 (%2) %3一覧"
"871","役割「%1」の説明"
"872","管理%1定義"
"873","進捗データ管理"
"874","進捗データ管理の対象プロジェクトではないため、"
"875","本機能を使用することはできません。"
"876","選択した%1の進捗データが集計されていません。"
"877","進捗データの集計後、再度実行してください。"
"878","品質データ管理"
"879","選択中のプロジェクトで品質管理定義が行われていません。"
"880","品質管理定義後、再度実行してください。"
"881","グラフ用シート取得"
"882"," グラフ出力用のExcelシートをダウンロードします。"
"883","シートのダウンロード"
"884","プロセスを適用していないため、"
"885","プロセスデータが存在しないため、"
"886","上記メニューから進捗データ管理機能を選択してください。"
"887","進捗データ管理を行う%1および項目の定義を行います。"
"888","データ入力"
"889","プロジェクトの進捗データの入力を行うことができます。"
"890","集計表"
"891","プロジェクトの進捗データの集計を出力することができます。"
"892","グラフ表示"
"893","プロジェクトの進捗データをグラフ表示します。"
"894","アーンドバリュー分析"
"895","アーンドバリュー分析を行った結果を表示します。"
"896","品質データ管理の対象プロジェクトではないため、"
"897","対象データがないため、品質状況表を出力することはできません。"
"898","上記メニューから品質データ管理機能を選択してください。"
"899","品質管理定義"
"900","管理%1・バグ密度等、品質管理に関する設定が行えます。"
"901","レビュー記録票"
"902","プロジェクトに登録されているレビュー記録を管理することができます。 "
"903","プロジェクトで発生した障害の記録を管理することができます。"
"904","品質管理表"
"905","プロジェクトに関する品質情報を総括して表示します。"
"906","品質状況表"
"907","「%1別」「%2別」の品質状況を表示します。"
"908","業務"
"909","プロジェクトの品質データをグラフ表示します。"
"910","登録先を選択して下さい"
"911","全社標準フレームワークが存在しません"
"912","組織標準フレームワークが存在しません"
"913","フレームワークへの登録権限がありません。"
"914","プロジェクト「%1」への登録権限がありません。"
"915","コンテンツの登録先を選択して下さい"
"916","全社標準フレームワーク"
"917","組織標準フレームワーク"
"918","　OK　"
"919","コメント操作"
"920","休憩"
"921","[作業中プロジェクト]"
"922","[作業中%1]"
"923","ただいま休憩中です。"
"924","作業を再開するには下のボタンを押して下さい。"
"925","作業再開"
"926","全社"
"927","コンテンツ一覧："
"928","コンテンツ情報は存在しません"
"929","コンテンツ数：%1"
"930","  登録  "
"931","権限エラー"
"932","  プロセス管理者は、プロジェクトのコンテンツを登録する事はできません"
"933","  管理者は、プロセスのコンテンツを登録する事はできません"
"934","ファイル名重複エラー"
"935","行目が"
"936","行目と同じです："
"937","%1行目：プロセスコードエラー"
"938","%1行目：社員番号エラー"
"939","%1行目：レイヤ名エラー"
"940","%1行目：%2コードエラー"
"941","%1行目：種別名エラー"
"942","%1行目：コンテンツ名エラー"
"943","%1行目：ファイル名重複エラー"
"944","%1行目：VSS適用プロジェクト登録エラー"
"945","%1行目：登録時エラー"
"946","処理が終了しました"
"947","エラー：サーバ情報が取得できません"
"948","エラー：コンテンツ格納フォルダが指定されていません"
"949","エラー：コンテンツ共有フォルダが指定されていません"
"950","エラー：CSVファイル「%1」は存在しません"
"951","CSVコンテンツ登録処理"
"952","CSVファイルよりコンテンツを登録します。ファイル名を指定して「表示」を押し、最後に「登録」を押してください。"
"953","CSVファイル名："
"954"," 表示 "
"955","登録内容"
"956","指定なし"
"957","  選択  "
"958"," クリア "
"959","プロセス名："
"960","カテゴリ名："
"961","全て"
"962","0: カテゴリ共通"
"963","フェーズ名："
"964","%1名："
"965","  表示  "
"966","コンテンツ名："
"967","権限がありません"
"968","コンテンツは存在しません"
"969","   抽出   "
"970","コンテンツ抽出処理"
"971","コンテンツを抽出します。条件を指定して「表示」を押し、最後に「抽出」を押してください。"
"972","抽出条件"
"973","抽出処理中…"
"974","終了"
"975","%1エラー10：上位プロジェクトが存在しません"
"976","%1エラー10：組織%2が存在しません"
"977","%1エラー10：プロセスが存在しません"
"978","%1エラー13：プロセスが存在しません"
"979","%1エラー14：プロセスが存在しません"
"980","%1エラー15：プロセスが存在しません"
"981","%1エラー16：%2が存在しません"
"982","%1エラー16：プロセスが存在しません"
"983","%1エラー17：プロセスが存在しません"
"984","%1エラー17：プロジェクトが存在しません"
"985","%1エラー17：担当者%2が存在しません"
"986","%1エラー17：他サーバにVSSコンテンツは登録できません"
"987","%1エラー19：メンバー%2が存在しません"
"988","%1エラー19：プロジェクトが存在しません"
"989","%1エラー20：プロセスが存在しません"
"990","%1エラー23：カテゴリが存在しません"
"991","%1エラー23：プロジェクトが存在しません"
"992","%1エラー24：フェーズが存在しません"
"993","%1エラー24：プロジェクトが存在しません"
"994","%1エラー25：%2が存在しません"
"995","%1エラー25：プロジェクトが存在しません"
"996","%1エラー26：%2が存在しません"
"997","%1エラー26：プロジェクトが存在しません"
"998","%1エラー27：メンバー%2が存在しません"
"999","%1エラー27：プロジェクトが存在しません"
"1000","%1エラー28：プロジェクトが存在しません"
"1001","%1エラー29：モジュールパターンが存在しません"
"1002","%1エラー29：プロジェクトが存在しません"
"1003","%1エラー31：%2が存在しません"
"1004","%1エラー31：プロジェクトが存在しません"
"1005","%1エラー32：%2が存在しません"
"1006","%1エラー32：プロジェクトが存在しません"
"1007","%1エラー34：コンテンツが存在しません"
"1008","%1エラー38：コンテンツが存在しません"
"1009","%1エラー39：プロジェクトが存在しません"
"1010","%1エラー40：プロセスが存在しません"
"1011","%1エラー41：プロセスが存在しません"
"1012","%1エラー42：プロセスが存在しません"
"1013","%1エラー43：プロセスが存在しません"
"1014","抽出情報："
"1015","エラー：一括抽出で抽出されたファイルではありません"
"1016","%1 より %2 に抽出"
"1017","登録パターン："
"1018","プロジェクト一括"
"1019","プロセス一括"
"1020","コンテンツのみ"
"1021","異常"
"1022","変更内容"
"1023","上書き許可："
"1024","  ※チェックするとデータが存在しても上書きされます"
"1025","有償コンテンツ変更："
"1026","レイヤ情報："
"1027","変更なし"
"1028","全社標準レイヤ"
"1029","組織標準レイヤ"
"1030","種別テーブル登録中…"
"1031","件登録しました"
"1032","プロセス登録中…"
"1033","プロジェクト登録中…"
"1034","カテゴリ登録中…"
"1035","フェーズ登録中…"
"1036","%1登録中…"
"1037","プロセスカスタム登録中…"
"1038","シート登録中…"
"1039","進捗管理項目定義登録中…"
"1040","進捗管理利用項目登録中…"
"1041","プロジェクトカテゴリ登録中…"
"1042","プロジェクトフェーズ登録中…"
"1043","プロジェクト%1登録中…"
"1044","プロジェクトメンバー登録中…"
"1045","プロジェクトカスタム登録中…"
"1046","%1・リンク登録中…"
"1047","%1・グループ登録中…"
"1048","%1・%2登録中…"
"1049","モジュールパターン登録中…"
"1050","コンテンツ登録中…"
"1051","機能区分"
"1052","進捗管理%1登録中…"
"1053","コンテンツ進捗登録中…"
"1054","コンテンツ進捗２登録中…"
"1055","エラー：登録元フォルダの指定が誤っています"
"1056","抽出コンテンツ登録処理"
"1057","抽出コンテンツを登録します。登録元フォルダを指定して「表示」を押し、最後に「登録」を押してください。"
"1058","登録元フォルダ："
"1059","キーワードを入力して下さい"
"1060","検索"
"1061","コンテンツの内容検索を行います。キーワードを入力して「実行」を押してください。"
"1062","キーワード"
"1063","エラー： Index Serverが使用できません。"
"1064","エラー： "
"1065","エラー： 保存されたクエリ条件はありません。"
"1066","キーワード "
"1067"," の検索結果は "
"1068"," 件ありました。"
"1069","そのうちの %1 から %2 件目を表示しています。"
"1070","[履歴コンテンツ]"
"1071","プロジェクト = "
"1072","プロセス = "
"1073","要約 :"
"1074","   (サイズと更新日時は不明)"
"1075","   サイズ %1 バイト - %2 GMT"
"1076","エラー： キーワードに該当するコンテンツはありません。"
"1077","これ以上の検索結果はありません。"
"1078","クエリによる負荷が大きすぎるため処理を完了できませんでした。"
"1079","クエリに時間がかかりすぎたため処理を完了できませんでした。"
"1080","前の %1 件"
"1081","次の "
"1082"," 件"
"1083","ページのドキュメント"
"1084","%1 / %2 ページ"
"1085","PN4_KM登録"
"1086","PN4_共有コンテンツ登録"
"1087","「作業フォルダ」に文字 ' は使用できません"
"1088","「エディタ」に文字 ' は使用できません"
"1089","クライアント設定"
"1090","設定しました"
"1091","開始 %1:%2　"
"1092","終了 %1:%2　"
"1093","作業実績データがありません"
"1094","合計工数： %1"
"1095","作業"
"1096","工数"
"1097","実績データ入力"
"1098","存在しない年月日です"
"1099","データ転送"
"1100","SuperSCALEがセットアップされていません"
"1101","構成管理"
"1102","プロジェクトに構成管理ツールが指定されていません"
"1103","コンテンツを選択し、右クリックメニューから操作します。"
"1104","%1の説明"
"1105","%1「%2」の説明"
"1106","概要"
"1107","詳細"
"1108","プロセス画面"
"1109","選択されたプロジェクトには、"
"1110","プロセスが使用されていません。"
"1111","拡大表示"
"1112","(説明を表示したい箇所をクリックしてください)"
"1113","プロセス拡大表示"
"1114","プロセスが選択されていません。"
"1115","全体表示"
"1116","コメント参照"
"1117","KM参照"
"1118","課題回答"
"1119","∟"
"1120","説明"
"1121","プロセスが定義されていないプロジェクトの%1選択"
"1122","【"
"1123","】"
"1124","ツール起動"
"1125","""%1""を呼び出しました。"
"1126","プロジェクト計画書登録画面を呼び出しました。"
"1127","プロジェクト完了報告書登録画面を呼び出しました。"
"1128","KM検索"
"1129","エラー：KMの検索URLが設定されていません。"
"1130","作業一覧"
"1131","PN4_共有コンテンツ検索"
"1132","コメントボード"
"1133","このページにはフレームが使用されていますが、お使いのブラウザではサポートされていません。"
"1134","%1・%2(%3)のＥメールアドレスが登録されていないので、Ｅメールの送信ができませんでした。"
"1135","SEFEサーバのURLが設定されていません。"
"1136","[ProcessDirector] 新着コメントのお知らせ"
"1137","新しいコメントが到着しました！"
"1138","タ　イ　ト　ル："
"1139","コメント作成者："
"1140","ProcessDirectorのURL： "
"1141","ProcessDirectorに新しいお知らせを掲載しました！"
"1142","SMTPサーバ名が指定されていません。"
"1143","エラーコード ："
"1144","発信者の電子メールアドレスが指定されていないのでＥメール発信ができません。"
"1145","(不明)"
"1146","コメント登録"
"1147","コメント登録成功"
"1148","コメントの登録に成功しました。"
"1149","コメント到着の通知メール発信に失敗しました。"
"1150","コメント登録失敗"
"1151","コメントをデータベースに登録するのに失敗しました。"
"1152","該当する要員またはコメントの情報が存在しません。"
"1153","該当する要員またはお知らせの情報が存在しません。"
"1154","登録されている報告書が誤っています。"
"1155","コンテンツ表示"
"1156","報告書表示"
"1157","送信者："
"1158","宛先："
"1159","このお知らせは、同じユーザに対して一度だけしか見ることができません。"
"1160","元の報告書を流用しますか？"
"1161","システムからのお知らせ"
"1162","現在システムからのお知らせはありません。"
"1163","作成者：%1"
"1164","%1ァイルの拡張子が誤っています。"
"1165","プロジェクト責任者"
"1166","プロジェクトサブリーダ"
"1167","一般担当"
"1168","限定担当"
"1169","【報告書－概要・体制・スケジュール】"
"1170","該当する概要体制定義(%1)"
"1171","●報告者"
"1172","（"
"1173","●報告日"
"1174","●概要"
"1175","●体制"
"1176","●スケジュール"
"1177","【報告書－最新状況報告】"
"1178","該当する最新状況報告(%1)は削除されています。"
"1179","●期間"
"1180","●定性評価"
"1181","●作業状況"
"1182","●今後の予定"
"1183","●問題点と提案する解決法"
"1184","●プロジェクト状況概要"
"1185","【報告書－個人状況報告】"
"1186","該当する個人状況報告(%1)は削除されています。"
"1187","【報告書－月間報告】"
"1188","該当する月間報告(%1)は削除されています。"
"1189","●状況"
"1190","返信元コメント"
"1191"," タイトル:%1"
"1192"," 作成日:%1"
"1193"," 作成者:%1"
"1194"," 送信先:%1"
"1195","コメント作成"
"1196","有効期限の入力が正しくありません。"
"1197","あて先が設定されていません！"
"1198","文字装飾・サイズ"
"1199","色"
"1200","タグ"
"1201","位置"
"1202","無色"
"1203","黒"
"1204","白"
"1205","グレー"
"1206","銀"
"1207","見出し1"
"1208","見出し2"
"1209","左配置"
"1210","中央配置"
"1211","右配置"
"1212","緑"
"1213","紫"
"1214","オリーブ"
"1215","紺"
"1216","見出し3"
"1217","見出し4"
"1218","インデント"
"1219","3(標準)"
"1220","水色"
"1221","ライム"
"1222","マルーン"
"1223","テール"
"1224","紅紫"
"1225","見出し5"
"1226","見出し6"
"1227","インデント解除"
"1228","番号つきリスト"
"1229","番号なしリスト"
"1230","あて先："
"1231","あて先選択"
"1232","送信"
"1233","有効期限："
"1234","Ｅメール連絡"
"1235","会社情報"
"1236","更新する項目が選択されていません。"
"1237","この情報は有効です。"
"1238","削除する項目が選択されていません。"
"1239","会社を選択した後、処理メニューをクリックしてください (登録はそのまま選択できます)。"
"1240","項目選択フォーム"
"1241","会社一覧"
"1242","５文字以内（英数字）"
"1243","会社コード"
"1244","４０文字以内"
"1245","昇順ソート番号(未設定時は最上位)"
"1246","ソート番号"
"1247","削除情報が入力されていません。”会社情報保守”ページから入り直して下さい。"
"1248","会社情報削除結果"
"1249","デリート時にエラーが発生しました。ErrCode : %1"
"1250","削除が正常に完了しました。"
"1251","この会社情報は存在しません。"
"1252","この会社に所属する要員が存在します。"
"1253","   この会社情報は削除できません。"
"1254","登録情報が入力されていません。[会社情報保守]ページから入り直して下さい。"
"1255","会社情報登録"
"1256","英数字以外の文字を”会社コード”に入力しています。"
"1257","数字以外の文字を”ソート番号”に入力しています。"
"1258","”%1”の文字列長が既定値を超過しています。"
"1259","情報登録フォーム"
"1260","５文字以内（半角英数字）"
"1261","４０文字"
"1262","登録情報が入力されていません。”会社情報保守”ページから入り直して下さい。"
"1263","会社情報登録結果"
"1264","登録時にエラーが発生しました。ErrCode:%1"
"1265","登録が正常に完了しました。"
"1266","この会社コードは既に使用されています。"
"1267","会社情報更新"
"1268","5文字以内 (半角英数字) "
"1269","40Byte以内"
"1270","この情報を無効にする"
"1271","更新情報が入力されていません。”会社情報保守”ページから入り直して下さい。"
"1272","会社情報更新結果"
"1273","アップデート時にエラーが発生しました。ErrCode : %1"
"1274","更新が正常に完了しました。"
"1275","すでに更新先が存在しています。"
"1276","サーバ設定"
"1277","サーバ情報"
"1278","項目"
"1279","内容"
"1280","属性"
"1281","属性2"
"1282","最小長"
"1283","最大長"
"1284","バージョン"
"1285","コンピュータ名"
"1286","IPアドレス"
"1287","サーバ名"
"1288","組織コード"
"1289","管理者メールアドレス"
"1290","コンテンツ格納フォルダ"
"1291","コンテンツ共有フォルダ"
"1292","サーバ上の作業フォルダ"
"1293","添付ファイル格納フォルダ"
"1294","金額表示単位"
"1295","万円"
"1296","千円"
"1297","円"
"1298","規模表示単位"
"1299","SuperSCALEのURL"
"1300","総括管理サーバ"
"1301","プロジェクトプロファイルサーバ"
"1302","ナレッジ共有サーバIPアドレス"
"1303","KMのURL"
"1304","KMの参照URL"
"1305","顧客管理"
"1306","顧客管理サーバ"
"1307","オーダ管理サーバ"
"1308","SMTPサーバ"
"1309","データマネージャ(メールアドレス)"
"1310","データマネージャ(アカウント)"
"1311","データマネージャ(パスワード)"
"1312","データマネージャ(POPサーバ)"
"1313","データマネージャ(POPサーバ接続間隔[回数])"
"1314","データマネージャ(送信間隔[秒])"
"1315","リストビューの最大表示件数"
"1316","機能構成の大区分の名称"
"1317","機能構成の中区分の名称"
"1318","機能構成の小区分の名称"
"1319","Q-ManagerサーバIPアドレス"
"1320","顧客情報取得URL"
"1321","案件情報取得URL"
"1322","計画書送信アドレス"
"1323","サービスイン日送信アドレス"
"1324","標準"
"1325","用語設定"
"1326","行う"
"1327","行わない"
"1328","進捗データ入力画面の排他制御"
"1329","進捗率の平均から算出"
"1330","終了日実績の割合から算出"
"1331","進捗データ入力画面の完成率"
"1332","定性評価の入力画面"
"1333","最新状況報告~"
"1334","SEP-coサーバのIPアドレス"
"1335","SEP-coサーバのデータベース名"
"1336","SEP-coサーバのログイン名"
"1337","SEP-coサーバのパスワード"
"1338","終了日実績の入力割合から算出"
"1339","最新状況報告"
"1340","パスワードを変更します"
"1341","古いパスワードが誤っています。もう一度入力してください"
"1342","パスワード設定"
"1343","古いパスワード"
"1344","新しいパスワード"
"1345","新しいパスワードの確認"
"1346","パスワードを変更しました"
"1347","サーバ情報の登録でエラーが発生しました。(%1:%2)"
"1348","サーバ情報の更新でエラーが発生しました。(%1:%2)"
"1349","サーバ情報の更新でエラーが発生しました(2)。(%1:%2)"
"1350","値"
"1351","受注案件一覧"
"1352","顧客別案件/プロジェクト一覧"
"1353","プロジェクト「%1」を導入しました。"
"1354"," '共通',"
"1355","SEFEコモンダイアログ"
"1356","メールテスト１"
"1357","品質管理テスト1"
"1358","組織:"
"1359","プロジェクト:"
"1360","単一要員:"
"1361","複数要員:"
"1362","セキュリティ:"
"1363","顧客一覧:"
"1364","参照　複数要員:"
"1365","参照　セキュリティ:"
"1366","文書番号:"
"1367","COM or PRJ or なし"
"1368","OK or END or なし"
"1369","コンテンツ:"
"1370","TSK or MOD or なし"
"1371","テストプロジェクト"
"1372","プロジェクト(計画書):"
"1373","ProcessDirector - ログイン"
"1374","社員番号は省略できません。"
"1375","パスワードに使用できない文字が含まれています。"
"1376","タイトル画像"
"1377","すでにログインしています。しばらくお待ちください。"
"1378","社員番号、パスワードを入力してください。"
"1379","保存"
"1380","パスワード"
"1381","ログイン"
"1382","体験版の利用期限が%1 に切れました。"
"1383","購入先にお問い合わせください。"
"1384","初期環境設定"
"1385","大変申し訳ありませんが、このドキュメントはMicrosoft Internet Explorer(Intel版)でなければ表示できません。"
"1386","あなたのブラウザは%1です。"
"1387","お気に入りコンテンツ削除"
"1388","お気に入りコンテンツ"
"1389","削除画面へ"
"1390","お気に入りコンテンツはありません"
"1391","チェックしたものを削除"
"1392","ブラウザからのActiveXモジュールのインストール"
"1393","次の順番で必要なファイルをクライアントにインストールします。"
"1394","ステップ1  Microsoft Data Access Componentsのインストール"
"1395","ステップ2  Visual BASIC 6.0 ランタイムのインストール"
"1396","ステップ3  ActiveX のインストール"
"1397","注意"
"1398","%1の注意に加えて、以下の注意点があります。"
"1399","ステータスバーの右端に「イントラネット」または「信頼済みサイト」と表示されていることを確認してください。"
"1400","Internet Explorerを最大化しない状態で作業してください。最大化している場合、ダイアログが裏に隠れて表示されることがあります。"
"1401","画面に何も表示されない状態が続く場合、ダイアログが裏に隠れている可能性があります。タスクバーのInternet Explorer上で右クリックすると、ダイアログが前に表示されます。"
"1402","● ActiveXモジュールのインストール ●"
"1403","本システムを使用する前に、ActiveXモジュールをインストールする必要があります。"
"1404","※本システムはWebブラウザ上での操作性を向上するため、ActiveXモジュールという物を使用しています。"
"1405","インストールにはAdministratorsの権限が必要です。権限のあるユーザで実行してください。"
"1406","Windowsの再起動が必要になる場合がありますので、他のアプリケーションは終了してください。"
"1407","インストールにより、Windowsのシステムファイルの更新が行われます。インストール前にデータのバックアップを取るようにしてください。"
"1408","ユーザ名に2バイト文字を使用している場合、インストール中にエラーが表示されることがあります。2バイト文字を含まないAdministrators権限を持つユーザで再ログインしてください。詳しくは、%1を参照してください。"
"1409","[OL2000] 2 バイト文字のユーザー名でセットアップ失敗"
"1410","VisualBasic 5.0以前を使用している方へ"
"1411","インストール時に、Visual BASIC 6.0(以下VB6)のランタイムモジュールがセットアップされます。VB6以前のVisual BASICの開発マシンにセットアップすると、そのマシンで作成するVisual BASICの配布媒体のDLL構成が、VB6リリース後の物となってしまいます。配布媒体作成用のマシンには、本システムをセットアップしないでください。"
"1412","詳しくは、%1を参照してください。"
"1413","[VB] 以前のバージョンと Visual Basic 6.0 との同一システム上での共存"
"1414","※Visual BASICは、配布媒体をディストリビューションウィザードというツールで作成します。"
"1415","　このツールは、アプリケーションの動作に必要なDLLを集めて配布媒体を作成します。"
"1416","　本システムを使用すると、この配布媒体の中にVB6のDLLが混ざってしまうことになります。"
"1417","※あくまでも、配布媒体を作成する場合のみであり、通常の業務には影響は出ません。"
"1418","インストール方法"
"1419","「ActiveX一括セットアップ」ツールを使用してインストールします（推奨）。%1を参照して下さい。"
"1420","こちら"
"1421","「ActiveX一括セットアップ」ツールをクライアントにインストールしたくない場合は、ブラウザ上からインストールする方法もあります。%1を参照して下さい。"
"1422","※なおこの方法では、確認ダイアログが数十回表示され、煩雑で時間もかかりますので、「ActiveX一括セットアップ」ツールの使用をおすすめします。"
"1423","● 「FRIEND2 for ProcessDirector」のインストール ●"
"1424","「FRIEND2 for ProcessDirector」をインストールする場合は、%1を参照して下さい。"
"1425","データベースアクセス用のマイクロソフト提供のファイル"
"1426","手順"
"1427","すでにMicrosoft Data Access 2.5以上がインストールされている環境には、インストールの必要はありません（%1)にはすでにインストールされています）。ステップ2に進んでください。"
"1428","<B>Windows Me</B>と<B>Windows 2000</B>と<B>Windows XP</B>"
"1429","再起動が必要なダイアログが表示された場合には、必ずWindowsの再起動を行ってください。"
"1430","ステップ1が完了している方は、ステップ2を開始してください。"
"1431","%1を開始する"
"1432","ステップ2  Visual BASIC 6.0のランタイムのインストール"
"1433","ActiveXのダウンロード"
"1434","ステップ3 ActiveXのインストールの実行"
"1435","注意 ActiveXのダウンロードでは、「セキュリティ警告」が表示されますが、必ず [はい(Y)] を選択してください。"
"1436","ステップ3が完了している方は、ログインが可能です"
"1437","%1に移動する"
"1438","ActiveXのインストールの実行"
"1439","ActiveXのダウンロードでは、「セキュリティ警告」が表示されますが、"
"1440","        必ず [はい(Y)] を選択してください。"
"1441","ダウンロードファイル一覧"
"1442","48個のActiveXをインストールします。"
"1443","プロジェクト一覧ActiveXのダウンロード開始"
"1444","代行設定ActiveXのダウンロード開始"
"1445","定義ActiveXのダウンロード開始"
"1446","作業割当てActiveXのダウンロード開始"
"1447","利用権限情報ActiveXのダウンロード開始"
"1448","ファイル選択ActiveXのダウンロード開始"
"1449","クライアント設定ActiveXのダウンロード開始"
"1450","共通ダイアログActiveXのダウンロード開始"
"1451","コメント一覧ActiveXのダウンロード開始"
"1452","作業一覧ActiveXのダウンロード開始"
"1453","一覧ファイル出力ActiveXのダウンロード開始"
"1454","顧客一覧ActiveXのダウンロード開始"
"1455","顧客別プロジェクト一覧ActiveXのダウンロード開始"
"1456","アーンドバリュー分析ActiveXのダウンロード開始"
"1457","コンテンツ一覧ActiveXのダウンロード開始"
"1458","ファイル転送ActiveXのダウンロード開始"
"1459","担当別作業期間表示ActiveXのダウンロード開始"
"1460","入出力コンテンツ一覧のダウンロード開始"
"1461","管理画面一覧ActiveXのダウンロード開始"
"1462","月間報告ActiveXのダウンロード開始"
"1463","稼動プロジェクト一覧ActiveXのダウンロード開始"
"1464","プロジェクト計画書一覧ActiveXのダウンロード開始"
"1465","審査一覧ActiveXのダウンロード開始"
"1466","進捗品質定義ActiveXのダウンロード開始"
"1467","進捗品質表示ActiveXのダウンロード開始"
"1468","進捗品質入力ActiveXのダウンロード開始"
"1469","品質管理表ActiveXのダウンロード開始"
"1470","プロセス計測ActiveXのダウンロード開始"
"1471","レビュー記録一覧ActiveXのダウンロード開始"
"1472","障害処理票ActiveXのダウンロード開始"
"1473","コンテンツ印刷ActiveXのダウンロード開始"
"1474","プロセス印刷ActiveXのダウンロード開始"
"1475","報告印刷ActiveXのダウンロード開始"
"1476","一覧印刷ActiveXのダウンロード開始"
"1477","プロジェクト登録ActiveXのダウンロード開始"
"1478","プロジェクト概要参照ActiveXのダウンロード開始"
"1479","コメント送信ActiveXのダウンロード開始"
"1480","メール設定ActiveXのダウンロード開始"
"1481","管理項目設定ActiveXのダウンロード開始"
"1482","構成管理ActiveXのダウンロード開始"
"1483","ポータル設定ActiveXのダウンロード開始"
"1484","ファイル同期ActiveXのダウンロード開始"
"1485","計画書インポートActiveXのダウンロード開始"
"1486","リストビューActiveXのダウンロード開始"
"1487","ツリービューActiveXのダウンロード開始"
"1488","VS-FlexGrid Pro 7.0J ActiveXのダウンロード開始"
"1489","ボタンアイコンActiveXのダウンロード開始"
"1490","すべてのモジュールのダウンロードが完了しました。"
"1491","Visual BASIC 6.0のランタイムのインストール"
"1492","ステップ2  Visual BASIC 6.0のランタイムのインストールの実行"
"1493","を開始する"
"1494","ステップ2が完了している方は、ステップ3を開始してください。"
"1495","Visual BASIC 6.0のランタイムのインストールの実行"
"1496","2個のActiveXをインストールします。"
"1497","ActiveXのダウンロード開始"
"1498","ステップ3  ActiveXのインストール"
"1499","カテゴリの登録を開始 "
"1500","%1:%2%3登録済み"
"1501"," 完"
"1502","フェーズの登録を開始"
"1503","%1の新規登録を開始 . "
"1504","%1の登録を開始 "
"1505","%1の登録を開始 . "
"1506","%1の追加"
"1507","%1「%2:%3」を追加しました。"
"1508","%1「%2:%3」は登録されています。"
"1509","カテゴリの追加"
"1510","カテゴリ「%1:%2」を追加しました。"
"1511","カテゴリ「%1:%2」は登録されています。"
"1512","フェーズの追加"
"1513","フェーズ「%1:%2」を追加しました。"
"1514","フェーズ「%1:%2」は登録されています。"
"1515","プロセス名変更"
"1516","プロセスコードには 英数字 または ハイフン を入力して下さい"
"1517","プロセス名に文字 <>&\"
"1518","プロセス名を入力してください"
"1519","現在のプロセス名"
"1520","新しいプロセス名"
"1521","プロセス名を変更しました"
"1522","%1の削除"
"1523","%1を削除しました。"
"1524","進捗/品質管理定義"
"1525","%1情報を取消しました。"
"1526","フェーズ情報を取消しました。"
"1527","カテゴリ情報を取消しました。"
"1528","プロセス情報の取消"
"1529","プロセス情報の変更を取消しました"
"1530","プロセスコード"
"1531","プロセス名"
"1532","プロセス一覧"
"1533","%1ファイルの参照"
"1534","%1ファイルの登録"
"1535","登録ファイルが指定されていません"
"1536","%1してよろしいですか？"
"1537","ファイルは登録されていません"
"1538","登録済みファイル："
"1539","登録ファイル"
"1540","(登録済みファイルと置き換えられます)"
"1541","指定された添付ファイル(%1)は存在しないか、空のファイルです。"
"1542","ファイル格納場所の作成でエラーが発生しました。"
"1543","詳細コード : %1"
"1544","プロセスフローファイルの登録"
"1545","プロセスフローファイルを"
"1546","プロセスフローファイルの"
"1547","%1削除"
"1548","%1しました"
"1549","%1に失敗しました"
"1550","プロセス情報"
"1551","進捗/品質管理%1"
"1552","ﾀｽｸ"
"1553","選択している「%1」を流用しますか？"
"1554","編集しようとした「%1」は編集中です"
"1555","編集項目が選択されていません。"
"1556","「%1」は編集中のため"
"1557","進捗/品質管理%1を定義できません"
"1558","参照項目が選択されていません。"
"1559","本当に「%1」を削除しますか？"
"1560","「%1は編集中ですが、本当に取消しますか？」"
"1561","削除項目が選択されていません。"
"1562","検索項目が選択されていません。"
"1563","プロセスを選択して、処理メニューをクリックしてください"
"1564","新規追加"
"1565","プロセスの編集"
"1566","カテゴリコードを入力して下さい"
"1567","カテゴリコードは1桁で入力して下さい"
"1568","カテゴリコードに文字 ' は使用できません"
"1569","カテゴリコードに文字 0 は使用できません"
"1570","カテゴリコードに使用できない文字が含まれています"
"1571","カテゴリ名を入力して下さい"
"1572","カテゴリ名に文字 <>&\"
"1573","フェーズコードを入力して下さい"
"1574","フェーズコードは1桁で入力して下さい"
"1575","フェーズコードに文字 ' は使用できません"
"1576","フェーズコードに文字 0 は使用できません"
"1577","フェーズコードに使用できない文字が含まれています"
"1578","フェーズ名を入力して下さい"
"1579","フェーズ名に文字 <>&\"
"1580","%1コードを入力して下さい"
"1581","%1コードは3桁で入力して下さい"
"1582","%1コードに文字 ' は使用できません"
"1583","%1コードに使用できない文字が含まれています"
"1584","%1名を入力して下さい"
"1585","%1名に文字 <>&\"
"1586","本当に削除してよろしいですか"
"1587","本当に変更を取消してよろしいですか"
"1588","「%1」の登録を開始しますか？"
"1589","「%1」は編集中ですが、本当に取消しますか？"
"1590","プロパティを表示するには画面を更新する必要があります。更新しますか？"
"1591","%1は登録されています"
"1592"," %1のプロパティ"
"1593","(%1)の移動"
"1594","%1のサイズ変更"
"1595","は登録されています"
"1596","(%1の)サイズ変更"
"1597","対応するカテゴリコードが見つかりません"
"1598","2桁の%1コードには%2は追加できません"
"1599","(%1)のサイズ変更"
"1600","プロセス名 :"
"1601","元に戻す"
"1602","名前の変更"
"1603","移動"
"1604","サイズ変更"
"1605","印刷(一覧)"
"1606","印刷(PF)"
"1607","前面"
"1608","背面へ移動する"
"1609","背面"
"1610","通常表示へ"
"1611","表示から非表示に切り替える"
"1612","非表示へ"
"1613","移動ボタン"
"1614","サイズ変更ボタン"
"1615","カテゴリコード"
"1616","カテゴリ名"
"1617","カテゴリの情報変更"
"1618","フェーズコード"
"1619","フェーズ名"
"1620","フェーズの情報変更"
"1621","自動"
"1622","共通"
"1623","%1コード"
"1624","%1名"
"1625","%1情報の変更"
"1626","%1情報を削除しました。"
"1627","%1/%2情報を削除しました。"
"1628","フェーズ情報を削除しました。"
"1629","カテゴリ情報を削除しました。"
"1630","プロセス情報を削除しました。"
"1631","プロセス情報を取消しました。"
"1632","プロセスの削除"
"1633","プロセスの取消"
"1634","削除しようとしたプロセスは次のラインで使用されています"
"1635","ラインコード"
"1636","ライン名"
"1637","削除しようとしたプロセスは次のプロジェクトで使用されています"
"1638","次のプロセスを削除しました"
"1639","次のプロセスを取消しました"
"1640","プロセスの更新"
"1641","このページにはフレームが使用されていますが、
     お使いのブラウザではサポートされていません。"
"1642","プロセス項目一覧"
"1643","コード"
"1644","登録レイヤ"
"1645","カテゴリ数"
"1646","フェーズ数"
"1647","%1数"
"1648","流用"
"1649","不可"
"1650","可"
"1651","流用プロセス"
"1652","元プロセス"
"1653","はい"
"1654","いいえ"
"1655","進捗管理対象"
"1656","更新者"
"1657","更新日時"
"1658","編集中"
"1659","編集者"
"1660","編集開始日時"
"1661","適用プロジェクト"
"1662","プロセスの処理"
"1663","ライン一覧"
"1664","プロセスカスタマイズ"
"1665","%1 : %2:%3登録済み"
"1666","フェーズの登録を開始 "
"1667","%1の登録を開始"
"1668"," . 完"
"1669","「%1」をプロジェクト規定レイヤにコピーします ... "
"1670"," 完了しました。"
"1671","引き続きプロジェクト固有情報をプロセスに設定します。"
"1672","カテゴリへの設定を開始します ..."
"1673","プロセスが指定されていません。"
"1674","プロジェクト更新→プロセス"
"1675","でプロセスを指定してください。"
"1676","プロジェクト更新"
"1677","進捗/品質管理%1定義"
"1678","プロジェクト名 :%1 "
"1679","「編集」をクリックすると編集できます。名称をクリックすると詳細情報が表示されます。"
"1680","作業中:"
"1681","登録中?"
"1682","ライン :%1"
"1683","適用プロセス"
"1684","編集中(%1)"
"1685","本プロセスは不明です"
"1686"," (使用中：%1)"
"1687","更新中"
"1688","更新者 : %1"
"1689","タスク定義"
"1690","本当に削除して良いですか"
"1691","本タスクにはコンテンツが存在しているため削除できません"
"1692","%1コードは４桁以上で入力して下さい"
"1693","%1コードは５桁以下で入力して下さい"
"1694","%1コードの先頭は '%2' でなければなりません"
"1695","%1コードに使用できる文字はアルファベットと数字のみです"
"1696","タスク定義開始画面"
"1697","カテゴリ共通"
"1698","フェーズ共通"
"1699","0 : カテゴリ共通"
"1700","0 : フェーズ共通"
"1701","タスクの更新"
"1702","タスクコード"
"1703","タスク名"
"1704","タスクの説明"
"1705","成果物"
"1706","要因数単位"
"1707","標準工数"
"1708","ツール"
"1709","%1を使用する"
"1710","設定"
"1711","プロセスの参照"
"1712","プロセス名 : "
"1713","プロセスの印刷"
"1714","通常表示の%1へ"
"1715","%1 は有償ですので、流用できません"
"1716","プロセスの登録"
"1717","プロセスを登録します。"
"1718","←すでに登録されています"
"1719","←入力して下さい"
"1720","流用可能"
"1721","流用不可"
"1722","イテレーション型"
"1723","イテレーション型開発プロセスにする"
"1724","進捗管理定義"
"1725","プロセスに沿ってシートを自動定義する"
"1726","設計、構築・単体、テスト固定型シートを利用する"
"1727","結果出力"
"1728","役割名情報"
"1729","適用プロセス検索"
"1730","検索(適用プロジェクト一覧)"
"1731","%1情報"
"1732","%1を登録する%2を選んでください。"
"1733","更新する%1の%2を選んでください。"
"1734","更新する%1を選んでください。"
"1735","削除する%1の%2を選んでください。"
"1736","削除する%1を選んでください。"
"1737","この%1情報は無効になっていません。"
"1738","%1を登録する%2を選択してください"
"1739","%1が選択されていません"
"1740","登録の場合は%1を選択した後、
  「追加」をクリックしてください。"
"1741","更新または削除の場合は%1を選択した後、
  「更新」または「削除」をクリックしてください。"
"1742","削除の場合は%1を選択した後、
   「削除」をクリックしてください。"
"1743","%1の移動"
"1744","%1「%2 : %3 」の位置を変更しました"
"1745","カテゴリの移動"
"1746","カテゴリ「%1 : %2」の位置を変更しました"
"1747","フェーズの移動"
"1748","フェーズ「%1  : %2」の位置を変更しました"
"1749","%1の順序の変更"
"1750","%1「%2 : %3」を表示に切り換えました"
"1751","%1「%2 : %3」を非表示に切り換えました"
"1752","不正な要求が発生しました"
"1753","進捗管理%1の登録を開始 ."
"1754","進捗管理シートの登録を開始 . "
"1755","進捗管理項目の登録を開始 . "
"1756","品質データ定義の登録を開始 . "
"1757","登録しました"
"1758","変更理由"
"1759","%1/%2の反転"
"1760","%1表示モードの設定 "
"1761","プロセスの追加"
"1762","%1の更新"
"1763","%1が更新されました"
"1764","%1「%2 :%3」のサイズを変更しました"
"1765","カテゴリのサイズ変更"
"1766","カテゴリ「%1 :%2」のサイズを変更しました"
"1767","フェーズのサイズ変更"
"1768","フェーズ「%1 :%2」のサイズを変更しました"
"1769","使用する : "
"1770","機能割当て"
"1771","プロジェクト計画書画面を呼び出す"
"1772","プロジェクト完了報告書画面を呼び出す"
"1773","%1の参照"
"1774","%1の更新 "
"1775","使用する :"
"1776","割当てなし"
"1777","%1を追加しました"
"1778","同じ%1コードが存在するため、%2を追加できませんでした"
"1779","%1「%2:%3」が削除されました。"
"1780","%1「%2:%3」」が復活しました。"
"1781","削除されました"
"1782","コンテンツがあるため、"
"1783","削除されませんでした"
"1784","%1「%2:%3」が%4。"
"1785","カテゴリ「%1:%2」が削除されました。"
"1786","カテゴリ「%1:%2」が復活しました。"
"1787","カテゴリ「%1:%2」が%3。"
"1788","フェーズ「%1:%2」が削除されました。"
"1789","フェーズ「%1:%2」が復活しました。"
"1790","フェーズ「%1:%2」が%3。"
"1791","%1「%2: %3」を更新しました"
"1792","カテゴリ「%1 : %2」を更新しました"
"1793","フェーズ「%1 :%2」を更新しました"
"1794","%1「%2:%3」の順序を前面へ変更しました"
"1795","%1「%2:%3」の順序を背面へ変更しました"
"1796","ポートレットを閉じる"
"1797","%1%2%3： 予定なし"
"1798","予定なし  "
"1799","： "
"1800"," → "
"1801","%1%2更新者： %3"
"1802","確認状態"
"1803","確認依頼中"
"1804","一時保存"
"1805","確認済"
"1806","更新..."
"1807","登録..."
"1808","予定日 更新"
"1809","カスタマイズ..."
"1810","%1の予定日はプロジェクト終了予定日(%2)以降にしてください"
"1811","%1の予定日はプロジェクト開始日(%2以降にしてください"
"1812","%1の予定日はサービスイン日(%2)以前にしてください"
"1813","%1の予定日はプロジェクト終了予定日(%2)以前にしてください"
"1814","%1の予定日は%2の予定日以降にしてください"
"1815","%1の予定日を入力してください"
"1816","%1の予定日はサービスイン%2の3週間以前に設定してください"
"1817","フレームワーク管理者"
"1818","選択してください"
"1819","０１２３４５６７８９"
"1820","ＡＢＣＤＥＦＧＨＩＪＫＬＭＮＯＰＱＲＳＴＵＶＷＸＹＺ"
"1821","ａｂｃｄｅｆｇｈｉｊｋｌｍｎｏｐｑｒｓｔｕｖｗｘｙｚ"
"1822","ナレッジ共有サーバIPアドレスが設定されていません。"
"1823","ProcessDirectorサーバのIPアドレスが不明です。"
"1824","ナレッジ共有サーバに接続できません。"
"1825","ナレッジ共有サーバのURLが不明です。"
"1826","ProcessDirectorサーバに接続できません。"
"1827","ナレッジ登録完了"
"1828","コンテンツの登録に失敗しました。"
"1829","ナレッジ更新完了"
"1830","ナレッジ削除完了"
"1831","次の情報で登録されました。"
"1832","ナレッジ登録"
"1833","コンテンツ名を入力してください。"
"1834","概要を入力してください。"
"1835","種類を選択してください。"
"1836","登録者名を入力してください。"
"1837","電話番号を入力してください。"
"1838","メールアドレスを入力してください。"
"1839","登録組織を入力してください。"
"1840","プロジェクトコードを入力してください。"
"1841","プロジェクト名を入力してください。"
"1842","プロジェクト概要を入力してください。"
"1843","プロジェクトリーダ名を入力してください。"
"1844","登録しますか？"
"1845","◆コンテンツ"
"1846","種別"
"1847","種類"
"1848","◆登録者情報"
"1849","登録者名"
"1850","電話番号"
"1851","登録組織"
"1852","会社"
"1853","事業本部"
"1854","事業部"
"1855","部"
"1856","◆プロセス"
"1857","アクティビティ名"
"1858","◆プロジェクト"
"1859","プロジェクト概要"
"1860","プロジェクトリーダ名"
"1861","◆公開範囲"
"1862","社外公開可"
"1863","社外公開不可"
"1864","◆詳細設定"
"1865","プロセス種別 "
"1866","カテゴリ種別"
"1867","SE情報 "
"1868","製品名"
"1869","その他の場合"
"1870","ベンダー名"
"1871","ソフトウェア"
"1872","ハードウェア"
"1873","ナレッジ検索"
"1874","キーワードを入力してください。"
"1875","コンテンツ一覧 "
"1876","ナレッジ検索結果"
"1877","該当するコンテンツは存在しません。"
"1878","ナレッジ全検索"
"1879","キーワード："
"1880","件目"
"1881","%1件"
"1882","検索条件を選択してください。"
"1883","検索対象"
"1884","プロジェクト登録組織"
"1885","詳細条件"
"1886","プロセス種別"
"1887","プロセス種別詳細"
"1888","ProcessDirectorサーバのデータベースが異常です。"
"1889","ナレッジ共有サーバのデータベースが異常です。"
"1890","ナレッジ"
"1891","全%1件中"
"1892","システムログ"
"1893","システムログ情報を表示します。表示したい条件を指定して実行を押してください。"
"1894","ログアウト"
"1895","プロジェクト登録"
"1896","プロジェクト削除"
"1897","プロセス登録"
"1898","プロセス更新"
"1899","プロセス削除"
"1900","プロジェクト一覧編集"
"1901","エラー：指定した社員番号は存在しません"
"1902","検索結果"
"1903","（%1件目～）"
"1904","社員名"
"1905","「%1」を編集"
"1906","見つかりません"
"1907","前ページ"
"1908","次ページ"
"1909","ログイン1"
"1910","ログイン2"
"1911","ログイン3"
"1912","ログイン結果"
"1913","ログインに失敗しました。"
"1914","理由：社員番号またはパスワードが誤っています。"
"1915","再ログイン"
"1916","ログインしました。しばらくお待ちください。"
"1917","理由：権限がありません"
"1918","理由："
"1919","年 "
"1920","月 "
"1921","日 "
"1922","時 "
"1923","分 "
"1924","秒"
"1925","日間 "
"1926","時間 "
"1927","ProcessDirector - ログアウト"
"1928","お疲れ様でした。ProcessDirectorのログアウトを受け付けました。"
"1929","ログイン時刻"
"1930","ログアウト時刻"
"1931","利用時間"
"1932","要員情報削除結果の確認"
"1933","上位上司として参照しているデータ(%1:%2)が存在します。"
"1934","上位上司として参照しているデータ(%1)が存在します。"
"1935","プロジェクト情報に この要員を参照しているデータ(%1:%2)が存在します。"
"1936","プロジェクト情報に この要員を参照しているデータ(%1)が存在します。"
"1937","要員情報を削除できません。"
"1938","技術職"
"1939","事務職"
"1940","要員情報削除"
"1941","フリガナ"
"1942","旧姓"
"1943","所属組織"
"1944","役職"
"1945","メール番号"
"1946","上位上司"
"1947","SS職級コード"
"1948","SSランク"
"1949","SS職種"
"1950","他組織の要員と兼務している"
"1951","Vワークを適用する"
"1952","このデータを完全に削除します。よろしいですか?"
"1953","要員パスワード情報削除結果の確認"
"1954","(%1) のパスワードを削除しました。"
"1955","パスワードの削除でエラーが発生しました。"
"1956","パスワード情報削除"
"1957","要員データが見つかりません。"
"1958","所属組織名の取得に失敗しました。"
"1959","要員 %1 の利用権限情報がありません。"
"1960","自社"
"1961","利用権限"
"1962","この要員のパスワードを削除します。よろしいですか。"
"1963","要員情報"
"1964","要員を登録する組織を選択してください。"
"1965","更新する要員の所属組織を選択してください。"
"1966","更新する要員を選んでください。"
"1967","削除する要員の所属組織を選んでください。"
"1968","削除する要員を選んでください。"
"1969","この要員情報は無効になっていません。"
"1970","登録の場合は組織を選択した後、「選択組織に登録」をクリックしてください。"
"1971","その他の場合は要員を選択した後、処理メニューをクリックしてください。"
"1972","会社："
"1973","ふりがな："
"1974","あ行"
"1975","か行"
"1976","さ行"
"1977","た行"
"1978","な行"
"1979","は行"
"1980","ま行"
"1981","や行"
"1982","ら行"
"1983","わ行"
"1984","名前："
"1985","を含む"
"1986","要員一覧"
"1987","##COL	社員番号	25%	0"
"1988","##COL	名前	50%	0"
"1989","##COL	無効	0	0"
"1990","##COL	要員ID	0	0"
"1991","表示件数が制限を越えました"
"1992","要員情報登録結果の確認"
"1993","この社員番号は既に登録されています。"
"1994","同一組織に同一社員番号の要員が既に登録されています。"
"1995","同一組織内に兼務要員を登録することはできません。"
"1996","所属組織に指定された組織のデータがありません。"
"1997","上位上司に指定された要員のデータがありません。"
"1998","要員表への登録エラー"
"1999","所属関係表への登録エラー"
"2000","要員情報を登録しました。"
"2001","この社員番号は既に登録されています"
"2002","同一組織に同一社員番号の要員が既に登録されています"
"2003","同一組織内に兼務要員を登録することはできません"
"2004","所属組織に指定された組織のデータがありません"
"2005","上位上司に指定された要員のデータがありません"
"2006","要員表への登録でエラーが発生しました"
"2007","所属関係表への登録でエラーが発生しました"
"2008","要員情報を登録しました"
"2009","利用権限情報(%1)を登録しました"
"2010","利用権限情報(%1)の登録でエラーが発生しました"
"2011","利用権限情報(%1)を%2としての権限に更新しました"
"2012","利用権限情報(%1)の更新でエラーが発生しました"
"2013","設定なし"
"2014","要員情報登録"
"2015","配属開始日"
"2016","権限なし"
"2017","※最大利用者数(%1)に達しているため設定できません"
"2018","※利用権限が指定されている場合に設定されます"
"2019","要員選択"
"2020","組織を選択した後、要員を選択してください。"
"2021","名前(～を含む)："
"2022","すべて開く"
"2023","すべて閉じる"
"2024","ｷｬﾝｾ"
"2025","要員情報更新結果の確認"
"2026","指定された組織に 既にこの要員のデータが存在します"
"2027","要員表の更新でエラーが発生しました"
"2028","所属関係データの更新でエラーが発生しました"
"2029","要員情報を更新しました"
"2030","利用者情報(%1)を登録しました"
"2031","%1の権限(%2)を削除しましました"
"2032","権限情報(%1)の削除でエラーが発生しました"
"2033","%1 の権限を%2から%3へ変更しました "
"2034","利用権限情報(%1)の変更でエラーが発生しました"
"2035","無し"
"2036","上位上司にこの要員自身を指定することはできません。"
"2037","所属組織にSYSTEMを指定することはできません。"
"2038","要員情報更新"
"2039","本務"
"2040","兼務)"
"2041","に変更する"
"2042","※利用権限が指定されている場合に設定されます。無しにはできません"
"2043","この要員データを無効にする"
"2044","標準メニュー"
"2045","ポートレットを開く"
"2046","プロジェクトメニューに切り換える"
"2047","マイメニューに切り換える"
"2048","最小の幅に変更する"
"2049","元の大きさに戻る"
"2050","ポータル設定"
"2051","総評"
"2052","納期"
"2053","品質"
"2054","見込額"
"2055","終了予定日"
"2056","終了予定日(日付指定)"
"2057","予定費用"
"2058","実績費用"
"2059","SIN 前後"
"2060","品質悪化"
"2061","納期遅れ"
"2062","損益悪化"
"2063","定量評価"
"2064","重要度"
"2065","元ﾌﾟﾛｾｽ"
"2066","ﾌﾟﾛｼﾞｪｸﾄﾀｲﾌﾟ"
"2067","開始日"
"2068","サービスイン"
"2069","前回サービスイン"
"2070","売上額(金額指定)"
"2071","ソフト費用(金額指定)"
"2072","実績規模"
"2073","ＧＰ"
"2074","原価"
"2075","概要報告更新日"
"2076","最新状況報告更新日"
"2077","完了機能数推移グラフ"
"2078","詳細・完了プログラム本数推移グラフ"
"2079","詳細・摘出バグ数推移グラフ"
"2080","製造・完了プログラム本数推移グラフ"
"2081","製造・摘出バグ数推移グラフ"
"2082","単体・完了プログラム本数推移グラフ"
"2083","単体・消化テスト項目数推移グラフ"
"2084","単体・摘出バグ数推移グラフ"
"2085","消化テスト項目数推移グラフ"
"2086","摘出バグ数推移グラフ"
"2087","単体・バグ数｜残テスト項目数推移グラフ"
"2088","バグ数｜残テスト項目数推移グラフ"
"2089","日付"
"2090","仕様・予定"
"2091","仕様・実績"
"2092","ＲＶ・予定"
"2093","ＲＶ・実績"
"2094","バグ摘出数"
"2095","バグ解決数"
"2096","予定本数"
"2097","実績本数"
"2098","予定項目数"
"2099","実績項目数"
"2100","残テスト項目数予定"
"2101","残テスト項目数実績"
"2102","バグ数"
"2103","残テスト項目数"
"2104","グラフ種別とタイトルを取得できませんでした。"
"2105","完了項目数推移グラフ"
"2106","バグ数データが０件のため、グラフを作成できません"
"2107","概要設計終了日データが０件のため、グラフを作成できません。"
"2108","詳細設計終了日データが０件のため、グラフを作成できません。"
"2109","製造終了日データが０件のため、グラフを作成できません。"
"2110","テスト完了データが０件のため、グラフを作成できません。"
"2111","テスト完了予定データが０件のため、グラフを作成できません。"
"2112","テスト完了実績データが０件のため、グラフを作成できません。"
"2113","データが０件のため、グラフを作成できません。"
"2114","無"
"2115","情報の種類一覧"
"2116","情報の種類"
"2117","検索条件作成"
"2118","検索条件名を入力してください。"
"2119","(サーバ全体)"
"2120","(個人)"
"2121","条件名："
"2122","条件名"
"2123","条件詳細"
"2124","全体"
"2125","か月後"
"2126","か月前"
"2127","×以下"
"2128","××以下"
"2129","×××以下"
"2130","　登　録　"
"2131","火"
"2132","水"
"2133","木"
"2134","金"
"2135","土"
"2136","稼動状況一覧"
"2137","稼動日"
"2138","このページはフレーム対応のブラウザでご覧ください。"
"2139","概要報告"
"2140","状況報告"
"2141","品質報告"
"2142","審査報告"
"2143","進捗報告"
"2144","実績データ"
"2145","体験版の利用期限が%1に切れました。"
"2146","Microsoft Internet Explorer 5.01 SP2以上を利用してください。"
"2147","検索条件表示設定"
"2148","更新してよろしいですか"
"2149","設定を標準に戻してよろしいですか"
"2150","＞＞"
"2151","＜＜"
"2152","システム設定に戻す"
"2153","ProcessDirector - 組織管理"
"2154","添付ファイル削除"
"2155","「ファイル」は必ず選択してください。"
"2156","添付ファイル内容"
"2157","添付URL"
"2158","プロジェクト状況"
"2159","利用者："
"2160","ﾎﾟｰﾀﾙ画面ヘ移動する"
"2161","プロジェクト関連データ追加"
"2162","状況"
"2163","進捗"
"2164","実績ﾃﾞｰﾀ"
"2165","ファイル登録"
"2166","プロジェクト関連情報の登録"
"2167","登録情報を入力してください。"
"2168","登録対象"
"2169","名称："
"2170","URL："
"2171","次のURL"
"2172","表示検索条件を設定する"
"2173","検索条件"
"2174","指定した文字列が含まれるﾌﾟﾛｼﾞｪｸﾄを表示する"
"2175","複合検索"
"2176","検索条件を作成する"
"2177","ソート条件"
"2178","ｻｰﾋﾞｽｲﾝ日順で表示する"
"2179","ｻｰﾋﾞｽｲﾝ"
"2180","重要度順で表示する"
"2181","ﾌﾟﾛｼﾞｪｸﾄ名順で表示する"
"2182","ﾌﾟﾛｼﾞｪｸﾄ名"
"2183","組織名順で表示する"
"2184","（全%1件）"
"2185","件名を入力してください。"
"2186","内容を入力してください。"
"2187","件名："
"2188","内容："
"2189","件名"
"2190","送信者"
"2191","受信日時"
"2192","済"
"2193","&nbsp;&nbsp;┗"
"2194","進捗集計表"
"2195","Office Web Componentsがインストールされていないため、グラフを表示できません"
"2196","「%1グラフ」"
"2197","選択"
"2198","グラフ種別選択"
"2199","（選択してください）"
"2200","グラフ表示に必要な管理項目が未利用のため"
"2201","%1は表示できません。"
"2202","%1が定義されていないため、出力データを取得できませんてした。"
"2203","選択した%1の進捗品質データが集計されていないため，"
"2204","グラフ表示が行えません"
"2205","状況報告参照"
"2206","表示可能なグラフがありません"
"2207","%1選択"
"2208","開発規模"
"2209","(母体規模)"
"2210","時期"
"2211","品質情報が定義または集計されていません。"
"2212","バグ数集計日："
"2213","発見"
"2214","作り込み"
"2215","合計"
"2216","目標"
"2217","対応中"
"2218","部門ツリー"
"2219","プロジェクト一覧を表示する"
"2220","稼動状況一覧を表示する"
"2221","組織ツリー"
"2222","検索条件設定"
"2223","検索条件一覧"
"2224","検索条件一覧(サーバ全体設定)"
"2225","→個人設定へ"
"2226","検索条件一覧(個人設定)"
"2227","→サーバ全体設定へ"
"2228","条件設定"
"2229","検索条件を入力してください。"
"2230","数字のみを使用してください。"
"2231","金額が範囲を超えています。"
"2232","金額の範囲が誤っています。"
"2233","規模が範囲を超えています。"
"2234","規模の範囲が誤っています。"
"2235","「%1」条件設定"
"2236","以下"
"2237","項目名"
"2238","SIN1か月"
"2239","ホーム画面に戻る"
"2240","KM画面を表示する"
"2241","プロジェクト："
"2242","コンテンツ "
"2243","審査実施 %1 件"
"2244","課題回答 %1 件"
"2245","計画書 %1 件"
"2246","完了報告書 %1 件"
"2247","レビュー記録 %1 件"
"2248","障害処理 %1 件"
"2249","%1を参照する"
"2250"," プロジェクトポータル"
"2251","一覧表示"
"2252","システム設定"
"2253","プロジェクトポータル"
"2254","組織管理画面へ移動する"
"2255","休憩する"
"2256","ヘルプを表示する"
"2257","ログアウトする"
"2258","ログインしていません"
"2259","ログインされていません"
"2260","金額FIX"
"2261","売上"
"2262","金額フィックス方式"
"2263","売上パーセント方式"
"2264","原価パーセント方式"
"2265","GPパーセント方式"
"2266","データは取得されていません"
"2267","オーダ合意状況一覧 [単位:%1]"
"2268","オーダ合意状況一覧 [単位:%1] (%2)"
"2269","表示条件を設定して、「表示」をクリックしてください。"
"2270","SI組織"
"2271","プロジェクト組織"
"2272","単位"
"2273","データ更新日："
"2274","全%1件"
"2275","実績基本情報%1画面"
"2276","サブプロジェクトコードを入力してください。"
"2277","は使用できない文字です。"
"2278","実績基本情報%1"
"2279","プロジェクト情報"
"2280","サブプロジェクト情報"
"2281","サブプロジェクトコード"
"2282","サブプロジェクト名"
"2283","サブプロジェクト一覧"
"2284","プロジェクトコード|プロジェクト名"
"2285","フェーズ情報"
"2286","フェーズ一覧"
"2287","プロジェクト実績参照画面"
"2288","このプロジェクトを削除してよろしいですか?"
"2289","プロジェクト実績参照"
"2290","ファイル数"
"2291","金額(千円"
"2292","工数(人月)"
"2293","工数(H)"
"2294","見積事例"
"2295","SI受注額(千円)"
"2296","見積原価(千円)"
"2297","受注時原価率(%)"
"2298","最終受注額(千円)"
"2299","実績原価(千円)"
"2300","最終原価率(%)"
"2301","見積方法"
"2302","全体規模"
"2303","見積時生産性"
"2304","生産性"
"2305","生産性単位"
"2306","当該システムの利用者数(人)"
"2307","添付ファイル"
"2308","サーバOS"
"2309","新規開発言語"
"2310","以上のプロジェクトの実績を登録しました。"
"2311","以上のプロジェクトの実績を更新しました。"
"2312","　　削除　　"
"2313","実績参照画面"
"2314","プロジェクトIDがありません。"
"2315","参照画面"
"2316","このプロジェクトは削除されました。"
"2317","小規模"
"2318","中規模"
"2319","大規模"
"2320","見積り%1画面"
"2321","登録してよろしいですか"
"2322","プロジェクト実績%1"
"2323","SI受注額"
"2324","見積原価"
"2325","最終受注額"
"2326","実績原価"
"2327","生産性フェーズ登録"
"2328","当該システムの利用者数"
"2329","人"
"2330","　　　リセット　　　"
"2331","添付ファイルの登録"
"2332","この添付ファイルを削除してよろしいですか?"
"2333","添付ファイル："
"2334","実績入力画面"
"2335","「"
"2336","」フィールドは省略できません。"
"2337","」フィールドの形式が誤っています。"
"2338","」の範囲が誤っています。"
"2339","」は指定範囲内の値を入力してください。"
"2340","」フィールドに使用できない文字 ' が含まれています。"
"2341","」フィールドは必ず選択してください。"
"2342","見積りフェーズ画面"
"2343","フェーズを入力してください。"
"2344","実績工数／人件費を入力してください。"
"2345","見積りフェーズ"
"2346","実績工数／人件費"
"2347","フェーズ | 実績工数/人件費 | 単位"
"2348","　　　クリア　　　"
"2349","見積りフェーズ別参照画面"
"2350","フェーズ別実績参照"
"2351","SELECT SUM(N_システム企画) AS システム企画,"
"2352","SUM(N_要件定義) AS 要件定義,"
"2353","SUM(N_構築) AS 構築,"
"2354","SUM(N_移行) AS 移行"
"2355","' AND 開発手法 = 0"
"2356","システム企画"
"2357","要件定義"
"2358","構築"
"2359","移行"
"2360","SELECT SUM(S_システム化計画) AS システム企画,"
"2361","SUM(S_システム分析) AS システム分析,"
"2362","SUM(S_概要設計) AS 概要設計,"
"2363","SUM(S_詳細設計) AS 詳細設計,"
"2364","SUM(S_製造) AS 製造,"
"2365","SUM(S_テスト) AS テスト,"
"2366","SUM(S_移行) AS 移行"
"2367","' AND 開発手法 = 1"
"2368","システム分析"
"2369","概要設計"
"2370","詳細設計"
"2371","製造"
"2372","テスト"
"2373","フェーズ別実績登録画面"
"2374","プロジェクトの金額は最大値を超えています。"
"2375","プロジェクトの工数は最大値を超えています。"
"2376","フェーズ別実績登録"
"2377","規模単位："
"2378","工数単位：)"
"2379","プロジェクト削除完了画面"
"2380","以上のプロジェクトを削除しました。"
"2381","見積り生産性画面"
"2382","見積り生産性"
"2383","見積り生産性のフェーズ "
"2384","見積り生産性単位"
"2385","フェーズ | 生産性 | 生産性単位"
"2386","　　O　K　　"
"2387","フェーズ："
"2388","生産性："
"2389","単位："
"2390","見積り検索画面"
"2391","「金額」の範囲が誤っています。"
"2392","　　　　新規登録　　　　"
"2393","現プロジェクト実績登録"
"2394","百万"
"2395"," ～"
"2396","改造言語"
"2397","クライアントOS"
"2398","　検　索　"
"2399","条件クリア"
"2400","(百万)"
"2401","検索条件に一致したプロジェクトはありません。"
"2402","見積りフェーズ一覧参照画面"
"2403","このサブプロジェクトを削除してよろしいですか?"
"2404","サブプロジェクト実績参照"
"2405","金額(千円)"
"2406","新規開発規模"
"2407","新規未調整"
"2408","新規FP調整係数"
"2409","変更規模"
"2410","変更未調整"
"2411","変更FP調整係数"
"2412","再利用規模"
"2413","再利用未調整"
"2414","再利用FP調整係数"
"2415","再利用率"
"2416","システム構成要素"
"2417","新規画面数"
"2418","新規帳票数"
"2419","新規ファイル数"
"2420","改造画面数"
"2421","改造帳票数"
"2422","改造ファイル数"
"2423","再利用画面数"
"2424","再利用帳票数"
"2425","再利用ファイル数"
"2426","実績工数／金額"
"2427","実績工数/人件費"
"2428","FP生産性"
"2429","ライン生産性"
"2430","変動要因"
"2431","新規性／複雑性"
"2432","バッチだけで構成されるシステム"
"2433","オンライン・バッチ共用システム"
"2434","マルチメディア、新製品等を使用するシステム"
"2435","要求品質"
"2436","通常の品質を要求されるシステム"
"2437","社会的な影響が大きく高品質を要求されるシステム"
"2438","再利用"
"2439","プロジェクト共通部品や市販オブジェクト部品を利用して構築"
"2440","構築ツールの標準提供の部品とツール提供の業務テンプレートを利用"
"2441","経験度"
"2442","システムの特徴"
"2443","ソリューションテーマ"
"2444","運用ツール"
"2445","ミッションクリティカル"
"2446","システム導入形態"
"2447","システム構成"
"2448","開発環境"
"2449","新規開発言語(規模比率)"
"2450","改造言語(規模比率)"
"2451","開発方法論"
"2452","データベース"
"2453","シスソフのパッケージ・PP"
"2454","事本のパッケージ・PP"
"2455","その他（名称を入力して下さい）"
"2456","以上のサブプロジェクトの実績を登録しました。"
"2457","以上のサブプロジェクトの実績を更新しました。"
"2458","サブプロジェクト実績%1画面"
"2459","「フェーズ」フィールドは省略できません。"
"2460","サブプロジェクト実績%1"
"2461","（0.65～1.35）"
"2462","再利用率(%)"
"2463","フェーズ登録"
"2464","ヘルプ"
"2465","(規模比率)"
"2466","選択した%1の編集中のデータが存在します。"
"2467","編集の続きを行う"
"2468","編集をやり直す"
"2469","%1選択に戻る"
"2470","定義"
"2471","%1グループ"
"2472","アクティビティ : (%1)%2"
"2473","空きブロック"
"2474","プロジェクト名 :"
"2475","フローサイズ編集"
"2476","選択画面に戻る"
"2477","変更をキャンセル"
"2478","未登録"
"2479","グループ"
"2480","リンク作成"
"2481","リンク解除"
"2482","新規グループ"
"2483","未登録%1"
"2484","編集中の利用者名"
"2485","選択した%1は、他のユーザが編集中です。"
"2486","%1ファイルを参照します"
"2487","%1ファイル参照"
"2488","%1ファイルを登録します"
"2489","%1ファイル設定"
"2490","%1未定義の%2"
"2491","未定義"
"2492","%1定義有りの%2"
"2493","定義有"
"2494","サイズ編集メニュー"
"2495","表示文字切り替え"
"2496","横方向拡大"
"2497","→　横方向拡大"
"2498","縦方向拡大"
"2499","↓　縦方向拡大"
"2500","横方向縮小"
"2501","←　横方向縮小"
"2502","縦方向縮小"
"2503","↑　縦方向縮小"
"2504","表示文字を変更しました。"
"2505","幅を拡大しました。"
"2506","高さを拡大しました。"
"2507","幅を縮小しました。"
"2508","高さを縮小しました。"
"2509","指定された役割の情報がありません。"
"2510","エラー：指定したFwIDは存在しません"
"2511","エラー：指定したFwIDはSDUPプロセスではありません"
"2512","エラー：指定したFwIDは既にフェーズ単位のプロセスフロー対応です"
"2513","プロセスフロー変換"
"2514","変換が終了しました。"
"2515","プロセスフローを変換するプロセスID："
"2516","すでに登録されている%1と同じ%2の%3を選択してください。"
"2517","%1定義有りの"
"2518",">→　横方向拡大"
"2519","役職情報"
"2520","選択された情報は有効です。"
"2521","役職を選択した後、処理メニューをクリックしてください（登録はそのまま選択できます）。"
"2522","情報送信フォーム"
"2523","役職情報削除"
"2524","削除情報送信フォーム"
"2525","４桁（数字）"
"2526","役職番号"
"2527","３０文字"
"2528","役職呼称"
"2529","役職名称"
"2530","３文字（半角英字）"
"2531","役職表記"
"2532","７桁（数字）"
"2533","ソート値"
"2534","削除情報が入力されていません。”役職情報保守”ページから入り直して下さい。"
"2535","役職情報削除結果"
"2536","デリート時にエラーが発生しました。"
"2537","この役職番号は存在しません。"
"2538","登録情報が入力されていません。”役職情報保守”ページから入り直して下さい。"
"2539","役職情報登録"
"2540","登録情報送信フォーム"
"2541","役職情報登録結果"
"2542","インサート時にエラーが発生しました。"
"2543","この役職番号は既に使用されています。"
"2544","役職情報更新"
"2545","この情報を無効化する"
"2546","更新情報が入力されていません。”役職情報保守”ページから入り直して下さい。"
"2547","役職情報更新結果"
"2548","この役職情報は見つかりません。役職番号："
"2549","この役職番号のデータが既に存在しています。"
"2550","アップデート時にエラーが発生しました。"
"2551","コンテンツ一括印刷"
"2552","プロセス印刷"
"2553","稼動プロジェクト一覧"
"2554","プロジェクト完了処理"
"2555","以下の子プロジェクトが完了していないため、完了処理を実行できません"
"2556","プロジェクト完了手続き"
"2557","プロジェクト終了日を設定しました。"
"2558","プロジェクト終了日を設定します。終了日を入力して「設定」を押してください。"
"2559","未来の日付が設定されています"
"2560","「終了日」が未入力です。"
"2561","　設定　"
"2562","実績登録"
"2563","設定してよろしいですか？"
"2564","(スタッフ)"
"2565","登録済"
"2566","(確認中)"
"2567","一部未登録"
"2568"," (確認依頼中)"
"2569"," (確認中)"
"2570"," (一時保存)"
"2571"," (確認済)"
"2572","登録状況"
"2573"," 登録... "
"2574"," 参照... "
"2575"," 更新... "
"2576"," 修正... "
"2577","管理者権限がないため、プロジェクトを登録できません"
"2578","権限がないため、プロジェクトを更新できません"
"2579","権限がないため、プロジェクトを参照できません"
"2580","権限がないため、プロジェクトを削除できません"
"2581","指定のプロジェクトは削除されています"
"2582","指定のプロジェクトは存在しません"
"2583","プロジェクトの情報の取得に失敗しました"
"2584","顧客情報"
"2585","承認完了"
"2586","申請"
"2587","件のうち、"
"2588","件を承認しました。"
"2589","未承認一覧"
"2590","承認対象をチェックしてください。"
"2591","承認手続きを行ってよろしいですか？"
"2592","【%1件】"
"2593","未承認のものがありません。"
"2594","承認欄をチェックし、承認ボタンを押下してください。"
"2595","承認"
"2596","顧客コード"
"2597","申請日"
"2598","使用組織名"
"2599","システム名"
"2600","サブシステム名"
"2601","申請済かつ未承認の件数が表示されます。"
"2602","該当ボタンを押下し、承認処理画面へ進んでください。"
"2603","申請形態"
"2604","未承認件数"
"2605","%　　| 全部"
"2606","[案件名]　　"
"2607","[プロジェクト名]　　"
"2608","[依頼通知]"
"2609","[依頼名称]　"
"2610","　　　　　　---------------------------------------------------------"
"2611","[依頼日]　　"
"2612","年　"
"2613","月　"
"2614","[依頼先]　　"
"2615","[依頼者]　　"
"2616","[依頼内容]　---------------------------------------------------------"
"2617","メール送信"
"2618","全部"
"2619","|［"
"2620","］"
"2621","選択された組織に案件はありません。"
"2622","選択された組織にプロジェクトはありません。"
"2623","管理"
"2624","開発"
"2625","開予"
"2626","選択された案件にメールアドレスを持つ要員が存在しません。"
"2627","選択された部門にメールアドレスを持つ要員が存在しません。"
"2628","責任者|"
"2629","登録者|"
"2630","選択されたプロジェクトにメールアドレスを持つ要員が存在しません。"
"2631","　↓Toに追加　"
"2632","　↓Ccに追加　"
"2633","　↓Fromに設定　"
"2634","案件：メール送信"
"2635","プロジェクト概要参照：メール送信"
"2636","本文"
"2637","　プレビュー　"
"2638","　消去　"
"2639","この内容で送信してもよいですか？"
"2640","メール送信プレビュー"
"2641","宛先を入力してください。"
"2642","差出人を入力してください。"
"2643","　送信　"
"2644","　再入力　"
"2645","メール送信エラー"
"2646","エラー内容："
"2647","メニュー定義ファイル内容に誤りがあります。"
"2648","メニュー定義ファイルが見つかりません。"
"2649","マスタ情報"
"2650","項目："
"2651","定義ファイルが見つかりません。"
"2652","マスタ情報を一覧表示します。"
"2653","参照する項目を上記リストから選択してください。"
"2654","プロジェクト計画書ファイル登録"
"2655","送信ファイル(%1)の登録に失敗しました。"
"2656","送信ファイル(%1)が存在しないか、空のファイルのために登録できませんでした。"
"2657","開発計画書が登録されました。"
"2658","【組織　　　　　　　】"
"2659","【プロジェクトコード】"
"2660","【プロジェクト名　　】"
"2661","【登録者　　　　　　】"
"2662","【ファイル　　　　　】"
"2663","【フォルダ　　　　　】"
"2664","【登録日　　　　　　】"
"2665","--《通信欄》--------------------------------------------------------------"
"2666","[ProcessDirector]%1 開発計画書登録通知"
"2667","PN42QM.exeの呼び出しでエラーが発生しました。"
"2668","プロジェクト計画書のファイル登録を行いました。"
"2669","プロジェクト計画書のファイル登録を行いました。ただし、以下のエラーが発生しました。"
"2670","ただし、登録者のメールアドレスが登録されていないため、メールの送信ができませんでした。"
"2671","送信ファイル"
"2672","送信内容"
"2673","登録せずに終了してよろしいですか？"
"2674","内容をクリアしてよろしいですか？"
"2675","送信ファイルを1つ以上指定してください。"
"2676","登録者を指定してください。"
"2677","サーバ設定で計画書送信アドレスが設定されていないため、メールを送信できません。"
"2678","通信欄"
"2679","※スタッフへの連絡事項がある場合に入力してください。"
"2680","組織情報削除結果の確認"
"2681","下位組織データが存在します。"
"2682","要員情報に この組織を参照しているデータが存在します。"
"2683","プロジェクト情報に この組織を参照しているデータが存在します。"
"2684","組織情報を削除できません。"
"2685","組織情報を削除しました。"
"2686","該当する組織が存在しません。"
"2687","情報が変更された可能性がありますので、「最新の状態」を実行してから再度処理を行ってください。"
"2688","事業Ｇ"
"2689","課"
"2690","組織削除"
"2691","組織レベル"
"2692","上位組織"
"2693","SSカレンダ番号"
"2694","このデータを完全に削除します。よろしいですか。"
"2695","組織情報登録結果の確認"
"2696","この組織コード(%1)は既に登録されています"
"2697","組織情報を登録しました。"
"2698","組織情報の登録でエラーが発生しました。"
"2699","組織登録"
"2700","Set NodX = TreeView.Nodes.Add(, , ""TempCode"", ""<- ここに新しい組織が登録されます"")"
"2701",""", 4, ""TempCode"", ""<- ここに新しい組織が登録されます"")"
"2702","組織レベルを選択してください。"
"2703","事業G"
"2704","部門ツリービューコンテンツページ"
"2705","組織情報"
"2706","組織を選択した後、処理メニューをクリックしてください。"
"2707","組織選択"
"2708","組織を選択してください"
"2709","組織情報更新結果の確認"
"2710","組織情報が見つかりません。"
"2711","更新できません。"
"2712","上位組織の選択が不正です。自分より下位の組織が選択されています。"
"2713","この組織コードは既に使用されています。"
"2714","新組織コードの組織情報の登録でエラーが発生しました。"
"2715","直下の組織情報の更新でエラーが発生しました。"
"2716","所属関係情報の更新でエラーが発生しました。"
"2717","プロジェクト情報の更新でエラーが発生しました。"
"2718","旧組織コードの組織データ削除でエラーが発生しました。"
"2719","組織情報を更新しました。"
"2720","組織データの更新でエラーが発生しました。"
"2721","組織更新"
"2722","「上位組織」に更新対象組織が指定されています。"
"2723","組織更新1"
"2724","この組織データを無効にする"
"2725","ProcessDirector - ログイン2"
"2726","※入力された社員番号は、複数の組織で使用されています。"
"2727","社員番号、組織、パスワードを入力してください。"
"2728","ProcessDirector - ログイン3"
"2729","※入力された社員番号は、複数使用されています。"
"2730","社員番号、プロジェクトコード、パスワードを入力してください。"
"2731","「バージョン」フィールドは省略できません。"
"2732","「バージョン」に使用できない文字が指定されています。"
"2733","「バージョン」に小数点が二つ以上指定されています"
"2734","「バージョン」の形式が誤っています"
"2735","「バージョン」の小数点以下が２桁以外になっています。"
"2736","上位サーバ"
"2737","マシン情報"
"2738","                            ※左のツリーから選択"
"2739","データマネージャ"
"2740","(メールアドレス)"
"2741","サーバ名は省略できません。"
"2742","MACアドレス"
"2743","左のツリーから選択してください"
"2744","所属組織名"
"2745","サーバURL"
"2746","データベース情報"
"2747","ユーザ名"
"2748","サーバのURL"
"2749","手動で登録"
"2750","Err=サーバが見つかりません。サーバ名を確認してもう一度検索してください。%1&SvrURL=%2"
"2751","Err=サーバが見つかりません。サーバ名を確認してもう一度検索してください。&"
"2752","サーバ情報を登録しました。"
"2753","サーバ情報の登録でエラーが発生しました。(%1):%2)"
"2754","すでに登録されています。"
"2755","サーバ情報の登録でエラーが発生しました(2)。(%1):%2)"
"2756","すでに登録されています(2)。"
"2757","サーバ情報を削除しました。"
"2758","サーバ情報の削除でエラーが発生しました 2。(%1:%2)"
"2759","サーバ情報の削除でエラーが発生しました。(%1:%2)"
"2760","ルート"
"2761","サーバ情報が登録されていません。"
"2762","サーバ情報の取得"
"2763","サーバ情報の取得2"
"2764","サーバを選択した後、作業項目をクリックしてください。"
"2765","自分自身を上位サーバにはできません"
"2766","上位サーバが正しくありません"
"2767","                             ※左のツリーから選択"
"2768","自サーバの場合は、上位サーバのみ変更できます。上位サーバ以外の設定は、「サーバ設定」で行います"
"2769","このサーバ情報を無効にする"
"2770","すでに登録されているサーバIDが指定されています。"
"2771","サーバ情報を更新しました。"
"2772","メール設定"
"2773","審査実施(予定日)"
"2774","顧客(依頼)"
"2775","顧客(通知)"
"2776","プロジェクト(依頼)"
"2777","プロジェクト(通知)"
"2778","メール設定を行います。"
"2779","設定する項目を上記リストから選択してください。"
"2780","ファイル参照"
"2781","処理をメニューから選択してください。"
"2782","SuperSCALE作業管理"
"2783","SuperSCALEプロジェクト管理"
"2784","SuperSCALE総括管理"
"2785","技術サポートページ"
"2786","約5秒で技術サポートにジャンプ致します。ジャンプしない場合は%1をクリックして下さい。"
"2787","システムグループサーバに接続できない環境の場合、技術サポートを利用することは出来ません。"
"2788","代行設定"
"2789","依頼者設定"
"2790","依頼者を選んでください。"
"2791","依頼者を選択してください。"
"2792","体制"
"2793","代行作業を開始"
"2794","概要・体制・スケジュール登録"
"2795","%1さんの代行作業を開始しますか？"
"2796","CSV形式ではありません。"
"2797","は空のファイルです。"
"2798","正しいテンプレートファイルではありません。"
"2799","使用できないバージョンのテンプレートが指定されました。"
"2800","報告内容"
"2801","報告者"
"2802","# このテンプレートで登録される報告は下記のとおりです。"
"2803","# 「#」または空欄で始まる行はコメント行として扱われます。"
"2804","# 情報は、1列目がシステム情報、2列目が項目名、3列目が登録情報です。"
"2805","# 利用者は、3列目のみ編集可能です。"
"2806","# 項目名が「*」で始まる項目は、入力必須項目です。(例 「* 報告日(YYYY/MM/DD)」)"
"2807","# 項目名に「(テキスト)」がある項目は、テキスト(改行入り文字列)の記述が可能です。"
"2808","# 項目名に「(評価)」がある項目は、「未設定」、「○」、「△」、「×」、「××」、「×××」の内一つを記述してください。"
"2809","# 項目名に「(整数)」がある項目は、0～99999999の数値を記述してください。"
"2810","# 項目「重要度」には、「最重要」、「戦略」、「監視」、「通常」の内一つを記述してください。"
"2811","# 金額、規模の単位は変更できません。"
"2812","# これ以降の情報がProcessDirectorに登録されます。これ以前の情報は編集しないでください。"
"2813","* 対象期間：開始日 (YYYY/MM/DD)"
"2814","* 対象期間：終了日 (YYYY/MM/DD)"
"2815","* 報告日 (YYYY/MM/DD)"
"2816","重要度 （重要度)"
"2817","定性評価：総合 (評価)"
"2818","定性評価：客先 (評価)"
"2819","定性評価：品質 (評価)"
"2820","定性評価：性能 (評価)"
"2821","定性評価：要員 (評価)"
"2822","定性評価：費用 (評価)"
"2823","定性評価：納期 (評価)"
"2824","定性評価：障害 (評価)"
"2825","投入実績原価 "
"2826","実績規模 "
"2827","課題状況：発生数 (整数)"
"2828","課題状況：完了数 (整数)"
"2829","バグ状況：上流：摘出目標数 (整数)"
"2830","バグ状況：上流：摘出実績数 (整数)"
"2831","バグ状況：上流：未解決数 (整数)"
"2832","バグ状況：下流：摘出目標数 (整数)"
"2833","バグ状況：下流：摘出実績数 (整数)"
"2834","バグ状況：下流：未解決数 (整数)"
"2835","バグ状況：出荷後：摘出目標数 (整数)"
"2836","バグ状況：出荷後：摘出実績数 (整数)"
"2837","バグ状況：出荷後：未解決数 (整数)"
"2838","テスト状況：予定数 (整数)"
"2839","テスト状況：消化数 (整数)"
"2840","* プロジェクト状況概要 (テキスト)"
"2841","* 作業状況 (テキスト)"
"2842","* 今後の予定 (テキスト)"
"2843","* 問題点と提案する解決法 (テキスト)"
"2844","* 概要 (テキスト)"
"2845","* 体制 (テキスト)"
"2846","* スケジュール (テキスト)"
"2847","連絡先：E-mail"
"2848","連絡先：TEL"
"2849","連絡先："
"2850","個人状況報告"
"2851","概要・体制・スケジュール"
"2852","月間報告"
"2853","CSVファイルのオープンに失敗しました。"
"2854","対象期間：開始日"
"2855","の項目情報がファイルにありません。"
"2856","は必須項目です。値を入力してください。"
"2857","対象期間：終了日"
"2858","報告日"
"2859","プロジェクト状況概要 (テキスト)"
"2860","作業状況 (テキスト)"
"2861","今後の予定 (テキスト)"
"2862","問題点と提案する解決法 (テキスト)"
"2863","概要 (テキスト)"
"2864","体制 (テキスト)"
"2865","スケジュール (テキスト)"
"2866","異なるプロジェクト用のテンプレートファイルが指定されています。対象プロジェクトのテンプレートファイルで登録してください。"
"2867","報告日の内容が誤っています。正しい値を入力してください。"
"2868","対象期間(開始日)の内容が誤っています。正しい値を入力してください。"
"2869","対象期間(終了日)の内容が誤っています。正しい値を入力してください。"
"2870","ファイルに入力されているe-mailの文字数が制限を超えています。120バイトを超えない文字列を入力してください。"
"2871","ファイルに入力されているTELの文字数が制限を超えています。20バイトを超えない文字列を入力してください。"
"2872","文書メール"
"2873","ファイルに入力されている%1の文字数が制限を超えています。40バイトを超えない文字列を入力してください。"
"2874","ファイルに設定されている金額レートが、報告プロジェクトと異なります。最新のテンプレートファイルで登録してください。"
"2875","ファイルに設定されている規模レートが、報告プロジェクトと異なります。最新のテンプレートファイルで登録してください。"
"2876","重要度（重要度)"
"2877","定性評価：総合(評価)"
"2878","定性評価：客先(評価)"
"2879","定性評価：品質(評価)"
"2880","定性評価：性能(評価)"
"2881","定性評価：要員(評価)"
"2882","定性評価：費用(評価)"
"2883","定性評価：納期(評価)"
"2884","定性評価：障害(評価)"
"2885","ファイルに入力されている投入実績原価の内容が誤っています。正しい数値を入力してください。"
"2886","ファイルに入力されている投入実績原価の値が制限を超えています。%1桁を超えない値を入力してください。"
"2887","ファイルに入力されている実績規模の内容が誤っています。正しい数値を入力してください。"
"2888","ファイルに入力されている実績規模の値が制限を超えています。%1桁を超えない値を入力してください。"
"2889","課題状況：発生数"
"2890","課題状況：完了数"
"2891","バグ状況：上流：摘出目標数"
"2892","バグ状況：上流：摘出実績数"
"2893","バグ状況：上流：未解決数"
"2894","バグ状況：下流：摘出目標数"
"2895","バグ状況：下流：摘出実績数"
"2896","バグ状況：下流：未解決数"
"2897","バグ状況：出荷後：摘出目標数"
"2898","バグ状況：出荷後：摘出実績数"
"2899","バグ状況：出荷後：未解決数"
"2900","テスト状況：予定数"
"2901","テスト状況：消化数"
"2902","」"
"2903","%1の内容が誤っています。%2の内一つを入力してください。"
"2904","%1の内容が誤っています。正しい値を入力してください。"
"2905","%1の内容が誤っています。負数は入力できません。"
"2906","%1の内容が誤っています。小数は入力できません。"
"2907","%1の内容が誤っています。%2桁を超えない値を入力してください。"
"2908","ファイルのプロジェクト名が報告プロジェクトと異なるため、プロジェクト名を「%1」に置き換えました。"
"2909","ファイルの所属部門が報告者と異なるため、所属部門を「%1」に置き換えました。"
"2910","ファイルの報告者が報告者と異なるため、報告者を「%1」に置き換えました。"
"2911","CSVファイルからのデータ取得に失敗しました。"
"2912","エラーNo.%1 %2 %3"
"2913","－"
"2914","＋"
"2915","．"
"2916","０"
"2917","１"
"2918","２"
"2919","３"
"2920","４"
"2921","５"
"2922","６"
"2923","７"
"2924","８"
"2925","９"
"2926","%1行目%2列目：%3"
"2927","登録情報が指定範囲外に入力されています。"
"2928","%1で始まる行が正しくありません。"
"2929","登録情報が指定範囲外に入力されています。3列目に入力してください。"
"2930","文書番号：&nbsp;"
"2931","&nbsp;(末尾番号は登録時に自動採番されます)"
"2932","投入実績原価 (%1)"
"2933","実績規模(%1)"
"2934","実績規模 (%1)"
"2935","%1(末尾番号は登録時に自動採番されます)"
"2936","%1文書メール"
"2937","%1備考"
"2938","%1CSVファイルのデータ設定に失敗しました。"
"2939","%1エラーNo.%2 %3 %4"
"2940","%1指定されたCSVファイル(%2)は存在しないか、空のファイルです。"
"2941","%1フォルダの作成に失敗しました。 "
"2942","%1ファイルのコピーに失敗しました。 "
"2943","%1ファイルの削除に失敗しました。"
"2944","%1フォルダの削除に失敗しました。 "
"2945","%1指定された添付ファイル(%2は存在しないか、空のファイルです。"
"2946","%1データベースのエラーにより添付ファイルの修正に失敗しました。"
"2947","%1テーブル名(T_Attach_GTS)"
"2948","%1エラーNo.%2 %3"
"2949","%1テーブル名(T_Attach_Report)"
"2950","%1テーブル名(T_Attach_Monthly)"
"2951","%1データベースのエラーにより状況報告書の登録に失敗しました。"
"2952","%1テーブル名(T_Report_Report)"
"2953","%1テーブル名(T_Report_Report2)"
"2954","%1データベースのエラーにより評価情報の登録に失敗しました。"
"2955","%1テーブル名(T_Prj_OrderInfo)"
"2956","%1データベースのエラーにより状況報告代理情報の登録に失敗しました。"
"2957","%1テーブル名(T_Act_Report)"
"2958","%1データベースのエラーにより状況報告情報の登録に失敗しました。"
"2959","%1テーブル名(T_Prj_Info)"
"2960","%1データベースのエラーにより文書番号の登録に失敗しました。"
"2961","%1テーブル名(T_DocMng_Info)"
"2962","%1テーブル名(T_DocMng_Relation)"
"2963","%1データベースのエラーにより概要・体制・スケジュールの登録に失敗しました。"
"2964","%1テーブル名(T_Report_GTS)"
"2965","%1データベースのエラーにより概要・体制・スケジュール代理情報の登録に失敗しました。"
"2966","%1テーブル名(T_Act_GTS)"
"2967","%1エラーNo.%1 %2"
"2968","%1データベースのエラーにより概要・体制・スケジュール情報の登録に失敗しました。"
"2969","毎週"
"2970","隔週"
"2971","第"
"2972","毎月"
"2973","%1正しいテンプレートファイルではありません。"
"2974","%1%2(代行 %3)"
"2975","%1さんには%2を登録する権限がありません。"
"2976","%1%2を登録しました。"
"2977","%1添付ファイルを%2個登録しました。"
"2978","概要・体制・スケジュール 登録処理"
"2979","登録内容に以下の誤りがあるため、処理できませんでした。"
"2980","これ以上追加できません。"
"2981","報告書を登録してよろしいですか？"
"2982","概要・体制・スケジュール CSVファイル"
"2983","すでに同じ報告日の報告が登録されています"
"2984","%1「報告日」フィールドは省略できません。"
"2985","%1「概要」フィールドは省略できません。"
"2986","%1「体制」フィールドは省略できません。"
"2987","%1「スケジュール」フィールドは省略できません。"
"2988","前回報告からの流用"
"2989","スケジュール"
"2990","月間報告登録"
"2991","定量評価更新"
"2992","状況報告登録"
"2993","メール報告取得"
"2994","定量評価を更新する権限がありません。"
"2995","定量評価を参照する権限がありません。"
"2996","概要・体制・スケジュールを登録する権限がありません。"
"2997","状況報告を登録する権限がありません。"
"2998","月間報告を登録する権限がありません。"
"2999","メール報告を取得する権限がありません。"
"3000","プロジェクトはSuperSCALE総括管理を適用していません。"
"3001","または、総括管理サーバが設定されていません。"
"3002","プロジェクトは「報告書メール登録を使用する」に設定されていません。"
"3003","メール報告を使用する場合は、環境を設定してください。"
"3004","プロジェクトの全要員に対して、メールアドレスが設定されていません。"
"3005","メール報告を利用する場合は、要員のメールアドレスを設定してください。"
"3006","最新状況報告を参照する権限がありません。"
"3007","最新状況報告は登録されていません。"
"3008","個人状況報告を参照する権限がありません。"
"3009","個人状況報告は登録されていません。"
"3010","概要・体制・スケジュールを参照する権限がありません。"
"3011","概要・体制・スケジュールは登録されていません。"
"3012","月間報告を参照する権限がありません。"
"3013","月間報告は登録されていません。"
"3014","すでに本日の報告が登録されています。"
"3015","%1データベースのエラーにより月間報告の登録に失敗しました。"
"3016","%1テーブル名(T_Report_Monthly)"
"3017","%1データベースのエラーにより月間報告代理情報の登録に失敗しました。"
"3018","%1テーブル名(T_Act_Monthly)"
"3019","月間報告 登録処理"
"3020","流用してよろしいですか？"
"3021","対象期間"
"3022","対象期間："
"3023","プロジェクト：%1"
"3024","連絡先"
"3025","月間報告に必要な「プロジェクト状況概要」を選択し、「次へ進む」をクリックしてください。"
"3026","対象組織"
"3027","対象プロジェクト"
"3028","&nbsp;：&nbsp;"
"3029","対象期間内に報告された「プロジェクト状況概要」はありません。"
"3030","次へ進む"
"3031","タイトル"
"3032","状況報告登録処理"
"3033","最新状況報告 登録処理"
"3034","状況報告 登録処理"
"3035","状況報告 CSVファイル"
"3036","すでに同じ報告日の報告が登録されています。"
"3037","「対象期間」フィールドには終了日に開始日以降の日付を指定してください。"
"3038","体制："
"3039","投入実績原価"
"3040","課題状況"
"3041","発生数："
"3042","完了数："
"3043","バグ状況"
"3044","摘出目標数："
"3045","摘出実績数："
"3046","未解決数："
"3047","出荷後"
"3048","テスト状況"
"3049","予定数："
"3050","消化数："
"3051","プロジェクト状況概要"
"3052","作業状況"
"3053","今後の予定"
"3054","問題点と提案する解決法"
"3055","合意/見込/差異状況の説明"
"3056","サーバオープン"
"3057","プロジェクト名　：　"
"3058","プロジェクトに対するサーバ情報が設定されていません。システム管理者に問い合わせてください。"
"3059","ファイル削除"
"3060","一時ファイル削除処理"
"3061","以下のエラーが発生したため、正しく処理できませんでした。"
"3062","一時ファイルを削除しました。"
"3063","ファイルのダウンロード処理"
"3064","前回報告の取得"
"3065","自動的にファイルのダウンロードが開始されます。"
"3066","ダイアログの表示に時間がかかることがありますので、"
"3067","すぐにダウンロードが開始されない場合でも、しばらくお待ちください。"
"3068","しばらく待ってもダウンロードが開始されない場合は、「ファイルのダウンロード」ボタンを実行してください。"
"3069","ファイルのダウンロード"
"3070","処理開始前の画面に戻りたい場合は、「戻る」ボタンを実行してください。"
"3071","」フィールドは拡張子が"
"3072","のファイルを入力してください。"
"3073","」の値は不正です("
"3074","」の形式が不正です("
"3075","」の整数部は"
"3076","桁以内です("
"3077","」の小数部は"
"3078","」には小数は入力できません("
"3079","」フィールドはYYYY/MM/DDで入力してください。"
"3080","」フィールドの年は範囲外です。"
"3081","」フィールドの月は範囲外です。"
"3082","」フィールドの日は範囲外です。"
"3083","」には負数は入力できません("
"3084","課題発生数"
"3085","課題完了数"
"3086","バグ摘出目標数(上流)"
"3087","バグ摘出実績数(上流)"
"3088","未解決バグ数(上流)"
"3089","バグ摘出目標数(下流)"
"3090","バグ摘出実績数(下流)"
"3091","未解決バグ数(下流)"
"3092","予定テスト数"
"3093","消化テスト数"
"3094","バグ摘出目標数(出荷後)"
"3095","バグ摘出実績数(出荷後)"
"3096","未解決バグ数(出荷後)"
"3097","」には「"
"3098","」より大きい値は入力できません。"
"3099","プロジェクトは本サーバと異なるサーバで運用されています。"
"3100","ボタンを押下すると別ウィンドウに対象サーバのログイン画面を表示します。"
"3101","作業完了後は、"
"3102","を行ってから、開いたウィンドウを閉じて下さい。"
"3103","ウィンドウを開く"
"3104","プロジェクト名　：　%1"
"3105","所属組織　：　1%"
"3106","最新状況報告および概要・体制・スケジュール"
"3107","プロジェクトのメール報告を取得します。"
"3108","処理終了のアナウンスがあるまでは、他の作業を行わないでください。"
"3109","なお、本サーバはサーバ情報のSMTPサーバまたは管理者メールアドレスの設定が行われていません。"
"3110","情報が設定されていない場合、メール報告にエラーがあった場合、自動返信されません。"
"3111","可能な限り情報を設定してください。"
"3112","　"""
"3113","プロジェクトコード、または、プロジェクト名を選択してください。"
"3114","ファイルを出力しました。"
"3115","情報"
"3116","更新日"
"3117","項目を選択して、「表示」をクリックしてください。"
"3118","表示対象"
"3119","活動中のプロジェクトのみ"
"3120","終了したプロジェクトのみ"
"3121","すべて"
"3122","報告書"
"3123","最新のみ"
"3124","履歴"
"3125","表示内容"
"3126","リビジョン"
"3127","　表示　"
"3128","　ファイル　"
"3129","　印刷　"
"3130","%1データベースのエラーにより状況報告書の修正に失敗しました。"
"3131","%1テーブル名(T_Report_ReportDT)"
"3132","%1データベースのエラーにより状況報告代理情報の修正に失敗しました。"
"3133","%1データベースのエラーにより状況報告情報の修正に失敗しました。"
"3134","%1データベースのエラーにより概要・体制・スケジュールの修正に失敗しました。"
"3135","%1テーブル名(T_Report_GTSDT)"
"3136","%1データベースのエラーにより概要・体制・スケジュール代理情報の修正に失敗しました。"
"3137","%1データベースのエラーにより概要・体制・スケジュール情報の修正に失敗しました。"
"3138","%1%2を修正しました。"
"3139","%1添付ファイルを%2個追加登録しました。"
"3140","概要・体制・スケジュール修正"
"3141","概要・体制・スケジュール 修正処理"
"3142","報告書を修正してよろしいですか？"
"3143","%1データベースのエラーにより月間報告の修正に失敗しました。"
"3144","%1テーブル名(T_Report_MonthlyDT)"
"3145","%1データベースのエラーにより月間報告代理情報の修正に失敗しました。"
"3146","月間報告修正"
"3147","月間報告 修正処理"
"3148","状況報告修正"
"3149","最新状況報告 修正処理"
"3150","状況報告 修正処理"
"3151","総括管理サーバを起動しました。"
"3152","%1SuperSCALE総括管理サーバとの接続に失敗しました。"
"3153","%1SuperSCALE総括管理サーバが見つかりません。 (%2)"
"3154","%1SuperSCALE総括管理からのデータ取得に失敗しました。 (%2)"
"3155","%1SuperSCALE総括管理サーバの接続に失敗しました。"
"3156","%1SuperSCALE総括管理の戦略プロジェクトではありません。"
"3157","%1SuperSCALE総括管理に当該プロジェクトが登録されていません。"
"3158","%1SuperSCALE総括管理に当該プロジェクトの評価データが存在しません。"
"3159","%1SuperSCALE総括管理からのデータ取得に失敗しました。エラーコード(%2)。"
"3160","%1SuperSCALE総括管理からのデータ取得に失敗しました。(%2)"
"3161","データベースのエラーにより定量評価信号情報の登録に失敗しました。"
"3162","テーブル名(T_Prj_Info)"
"3163","エラーNo.%1 %2"
"3164","プロジェクトの定量評価情報を更新しました。"
"3165","定量評価を更新しました。"
"3166","以下の問題により、処理できませんでした。"
"3167","定量評価を更新します。"
"3168","テンプレート取得"
"3169","(代行 "
"3170","%1さんには%2を行う権限がありません。"
"3171","テンプレート取得を続けますか？"
"3172","取得するテンプレートを選んでください。"
"3173","日常マネジメントの設定"
"3174","設定しました。"
"3175","フォントサイズには指定範囲の数値を指定してください。"
"3176","報告参照画面のユーザ設定"
"3177","フォントサイズ設定"
"3178","デフォルトサイズで表示"
"3179","指定サイズで表示"
"3180","等幅で表示"
"3181","報告書は登録されていません。"
"3182","親プロジェクトコード"
"3183","報告は削除されました。"
"3184","規模 (単位：%1)"
"3185","作業なし"
"3186","作業完"
"3187","追加情報"
"3188","原価率"
"3189","オーダ情報 (単位：%1)"
"3190","オーダ"
"3191","オーダ名称"
"3192","付替"
"3193","合意"
"3194","見込"
"3195","付替パターン"
"3196","最新見込原価"
"3197","依頼元"
"3198","体系"
"3199","オーダ集計情報 (単位：%1)"
"3200","差異"
"3201","SEGP額"
"3202","SEGP率"
"3203","改善額"
"3204","改善率"
"3205","GP額"
"3206","GP率"
"3207","審査記録"
"3208"," (対象外) "
"3209","審査実施状況"
"3210","案件情報"
"3211","案件名"
"3212","審査日付"
"3213","メール送信する"
"3214","日程"
"3215","開始"
"3216","終了予定"
"3217","総合"
"3218","費用"
"3219","障害"
"3220","性能"
"3221","客先"
"3222","要員"
"3223","負荷"
"3224","所属組"
"3225","発生数：%1"
"3226","完了数：%1"
"3227","完了率：%1"
"3228","摘出目標数：%1"
"3229","摘出実績数：%1"
"3230","未解決数：%1"
"3231","摘出率：%1"
"3232","上流での摘出率：%1"
"3233","予定数：%1"
"3234","消化数：%1"
"3235","月間報告参照"
"3236","ファイル取得"
"3237","報告"
"3238","消化率：%1"
